V1,V8,V9,uid,Q1_2_Group,Q1_2_Rank,Q1_4_Group,Q1_4_Rank,Q1_5_Group,Q1_5_Rank,Q1_6_Group,Q1_6_Rank,Q1_7_Group,Q1_7_Rank,Q1_8_Group,Q1_8_Rank,Q1_10_Group,Q1_10_Rank,Q1_11_Group,Q1_11_Rank,Q2_2_Group,Q2_2_Rank,Q2_4_Group,Q2_4_Rank,Q2_5_Group,Q2_5_Rank,Q2_6_Group,Q2_6_Rank,Q2_7_Group,Q2_7_Rank,Q2_8_Group,Q2_8_Rank,Q2_10_Group,Q2_10_Rank,Q2_11_Group,Q2_11_Rank,Q3_2_Group,Q3_2_Rank,Q3_4_Group,Q3_4_Rank,Q3_5_Group,Q3_5_Rank,Q3_6_Group,Q3_6_Rank,Q3_7_Group,Q3_7_Rank,Q3_8_Group,Q3_8_Rank,Q3_10_Group,Q3_10_Rank,Q3_11_Group,Q3_11_Rank,Q4_2_Group,Q4_2_Rank,Q4_4_Group,Q4_4_Rank,Q4_5_Group,Q4_5_Rank,Q4_6_Group,Q4_6_Rank,Q4_7_Group,Q4_7_Rank,Q4_8_Group,Q4_8_Rank,Q4_10_Group,Q4_10_Rank,Q4_11_Group,Q4_11_Rank,Q5_2_Group,Q5_2_Rank,Q5_4_Group,Q5_4_Rank,Q5_5_Group,Q5_5_Rank,Q5_6_Group,Q5_6_Rank,Q5_7_Group,Q5_7_Rank,Q5_8_Group,Q5_8_Rank,Q5_10_Group,Q5_10_Rank,Q5_11_Group,Q5_11_Rank,Q6,Q7
ResponseID,StartDate,EndDate,uid,Which of items in the list of reasons influenced your above snack purchase??? Choose the top thre...-Taste/flavor-Group,Which of items in the list of reasons influenced your above snack purchase??? Choose the top thre...-Taste/flavor-Rank,Which of items in the list of reasons influenced your above snack purchase??? Choose the top thre...-Brand/packaging-Group,Which of items in the list of reasons influenced your above snack purchase??? Choose the top thre...-Brand/packaging-Rank,Which of items in the list of reasons influenced your above snack purchase??? Choose the top thre...-Ingredients-Group,Which of items in the list of reasons influenced your above snack purchase??? Choose the top thre...-Ingredients-Rank,Which of items in the list of reasons influenced your above snack purchase??? Choose the top thre...-Considered it a gift for friends or family-Group,Which of items in the list of reasons influenced your above snack purchase??? Choose the top thre...-Considered it a gift for friends or family-Rank,"Which of items in the list of reasons influenced your above snack purchase??? Choose the top thre...-Food source (e.g., locally sourced ingredients)-Group","Which of items in the list of reasons influenced your above snack purchase??? Choose the top thre...-Food source (e.g., locally sourced ingredients)-Rank","Which of items in the list of reasons influenced your above snack purchase??? Choose the top thre...-Health related reasons (e.g., allergies, diet restrictions, medication adherence)-Group","Which of items in the list of reasons influenced your above snack purchase??? Choose the top thre...-Health related reasons (e.g., allergies, diet restrictions, medication adherence)-Rank",Which of items in the list of reasons influenced your above snack purchase??? Choose the top thre...-Per-serving calories-Group,Which of items in the list of reasons influenced your above snack purchase??? Choose the top thre...-Per-serving calories-Rank,Which of items in the list of reasons influenced your above snack purchase??? Choose the top thre...-Didn¡¯t really put thought into my selection-Group,Which of items in the list of reasons influenced your above snack purchase??? Choose the top thre...-Didn¡¯t really put thought into my selection-Rank,Which of items in the list of reasons influenced your above snack purchase??? Choose the top thre...-Taste/flavor-Group,Which of items in the list of reasons influenced your above snack purchase??? Choose the top thre...-Taste/flavor-Rank,Which of items in the list of reasons influenced your above snack purchase??? Choose the top thre...-Brand/packaging-Group,Which of items in the list of reasons influenced your above snack purchase??? Choose the top thre...-Brand/packaging-Rank,Which of items in the list of reasons influenced your above snack purchase??? Choose the top thre...-Ingredients-Group,Which of items in the list of reasons influenced your above snack purchase??? Choose the top thre...-Ingredients-Rank,Which of items in the list of reasons influenced your above snack purchase??? Choose the top thre...-Considered it a gift for friends or family-Group,Which of items in the list of reasons influenced your above snack purchase??? Choose the top thre...-Considered it a gift for friends or family-Rank,"Which of items in the list of reasons influenced your above snack purchase??? Choose the top thre...-Food source (e.g., locally sourced ingredients)-Group","Which of items in the list of reasons influenced your above snack purchase??? Choose the top thre...-Food source (e.g., locally sourced ingredients)-Rank","Which of items in the list of reasons influenced your above snack purchase??? Choose the top thre...-Health related reasons (e.g., allergies, diet restrictions, medication adherence)-Group","Which of items in the list of reasons influenced your above snack purchase??? Choose the top thre...-Health related reasons (e.g., allergies, diet restrictions, medication adherence)-Rank",Which of items in the list of reasons influenced your above snack purchase??? Choose the top thre...-Per-serving calories-Group,Which of items in the list of reasons influenced your above snack purchase??? Choose the top thre...-Per-serving calories-Rank,Which of items in the list of reasons influenced your above snack purchase??? Choose the top thre...-Didn¡¯t really put thought into my selection-Group,Which of items in the list of reasons influenced your above snack purchase??? Choose the top thre...-Didn¡¯t really put thought into my selection-Rank,Which of items in the list of reasons influenced your above snack purchase??? Choose the top thre...-Taste/flavor-Group,Which of items in the list of reasons influenced your above snack purchase??? Choose the top thre...-Taste/flavor-Rank,Which of items in the list of reasons influenced your above snack purchase??? Choose the top thre...-Brand/packaging-Group,Which of items in the list of reasons influenced your above snack purchase??? Choose the top thre...-Brand/packaging-Rank,Which of items in the list of reasons influenced your above snack purchase??? Choose the top thre...-Ingredients-Group,Which of items in the list of reasons influenced your above snack purchase??? Choose the top thre...-Ingredients-Rank,Which of items in the list of reasons influenced your above snack purchase??? Choose the top thre...-Considered it a gift for friends or family-Group,Which of items in the list of reasons influenced your above snack purchase??? Choose the top thre...-Considered it a gift for friends or family-Rank,"Which of items in the list of reasons influenced your above snack purchase??? Choose the top thre...-Food source (e.g., locally sourced ingredients)-Group","Which of items in the list of reasons influenced your above snack purchase??? Choose the top thre...-Food source (e.g., locally sourced ingredients)-Rank","Which of items in the list of reasons influenced your above snack purchase??? Choose the top thre...-Health related reasons (e.g., allergies, diet restrictions, medication adherence)-Group","Which of items in the list of reasons influenced your above snack purchase??? Choose the top thre...-Health related reasons (e.g., allergies, diet restrictions, medication adherence)-Rank",Which of items in the list of reasons influenced your above snack purchase??? Choose the top thre...-Per-serving calories-Group,Which of items in the list of reasons influenced your above snack purchase??? Choose the top thre...-Per-serving calories-Rank,Which of items in the list of reasons influenced your above snack purchase??? Choose the top thre...-Didn¡¯t really put thought into my selection-Group,Which of items in the list of reasons influenced your above snack purchase??? Choose the top thre...-Didn¡¯t really put thought into my selection-Rank,Which of items in the list of reasons influenced your above snack purchase??? Choose the top thre...-Taste/flavor-Group,Which of items in the list of reasons influenced your above snack purchase??? Choose the top thre...-Taste/flavor-Rank,Which of items in the list of reasons influenced your above snack purchase??? Choose the top thre...-Brand/packaging-Group,Which of items in the list of reasons influenced your above snack purchase??? Choose the top thre...-Brand/packaging-Rank,Which of items in the list of reasons influenced your above snack purchase??? Choose the top thre...-Ingredients-Group,Which of items in the list of reasons influenced your above snack purchase??? Choose the top thre...-Ingredients-Rank,Which of items in the list of reasons influenced your above snack purchase??? Choose the top thre...-Considered it a gift for friends or family-Group,Which of items in the list of reasons influenced your above snack purchase??? Choose the top thre...-Considered it a gift for friends or family-Rank,"Which of items in the list of reasons influenced your above snack purchase??? Choose the top thre...-Food source (e.g., locally sourced ingredients)-Group","Which of items in the list of reasons influenced your above snack purchase??? Choose the top thre...-Food source (e.g., locally sourced ingredients)-Rank","Which of items in the list of reasons influenced your above snack purchase??? Choose the top thre...-Health related reasons (e.g., allergies, diet restrictions, medication adherence)-Group","Which of items in the list of reasons influenced your above snack purchase??? Choose the top thre...-Health related reasons (e.g., allergies, diet restrictions, medication adherence)-Rank",Which of items in the list of reasons influenced your above snack purchase??? Choose the top thre...-Per-serving calories-Group,Which of items in the list of reasons influenced your above snack purchase??? Choose the top thre...-Per-serving calories-Rank,Which of items in the list of reasons influenced your above snack purchase??? Choose the top thre...-Didn¡¯t really put thought into my selection-Group,Which of items in the list of reasons influenced your above snack purchase??? Choose the top thre...-Didn¡¯t really put thought into my selection-Rank,Which of items in the list of reasons influenced your above snack purchase??? Choose the top thre...-Taste/flavor-Group,Which of items in the list of reasons influenced your above snack purchase??? Choose the top thre...-Taste/flavor-Rank,Which of items in the list of reasons influenced your above snack purchase??? Choose the top thre...-Brand/packaging-Group,Which of items in the list of reasons influenced your above snack purchase??? Choose the top thre...-Brand/packaging-Rank,Which of items in the list of reasons influenced your above snack purchase??? Choose the top thre...-Ingredients-Group,Which of items in the list of reasons influenced your above snack purchase??? Choose the top thre...-Ingredients-Rank,Which of items in the list of reasons influenced your above snack purchase??? Choose the top thre...-Considered it a gift for friends or family-Group,Which of items in the list of reasons influenced your above snack purchase??? Choose the top thre...-Considered it a gift for friends or family-Rank,"Which of items in the list of reasons influenced your above snack purchase??? Choose the top thre...-Food source (e.g., locally sourced ingredients)-Group","Which of items in the list of reasons influenced your above snack purchase??? Choose the top thre...-Food source (e.g., locally sourced ingredients)-Rank","Which of items in the list of reasons influenced your above snack purchase??? Choose the top thre...-Health related reasons (e.g., allergies, diet restrictions, medication adherence)-Group","Which of items in the list of reasons influenced your above snack purchase??? Choose the top thre...-Health related reasons (e.g., allergies, diet restrictions, medication adherence)-Rank",Which of items in the list of reasons influenced your above snack purchase??? Choose the top thre...-Per-serving calories-Group,Which of items in the list of reasons influenced your above snack purchase??? Choose the top thre...-Per-serving calories-Rank,Which of items in the list of reasons influenced your above snack purchase??? Choose the top thre...-Didn¡¯t really put thought into my selection-Group,Which of items in the list of reasons influenced your above snack purchase??? Choose the top thre...-Didn¡¯t really put thought into my selection-Rank,Thank you for participating in the first part of this study. We will contact you in 24 hours for...,Feedback Box.
R_3rILJOliNMO9ZDU,2016-02-15 9:11,2016-02-15 9:12,DW37WiLZena9WDYfN,0,1,0,2,,,,,,,,,0,3,,,,,,,0,3,,,0,1,,,0,2,,,,,,,0,3,,,0,1,,,0,2,,,,,,,0,3,,,0,2,,,0,1,,,0,1,0,2,0,3,,,,,,,,,,,1,
R_cZREPnOEO8cQWAh,2016-02-15 9:49,2016-02-15 9:51,A8Cj2fKdNtZJqYLwh,0,3,,,,,,,,,0,2,0,1,,,,,0,3,,,0,2,,,,,0,1,,,0,2,,,,,0,3,,,,,0,1,,,0,3,,,,,0,2,,,,,0,1,,,0,1,0,2,,,,,,,,,0,3,,,1,
R_3htGOFgWtkjDQSi,2016-02-15 14:04,2016-02-15 14:11,F3ZWcZX7ARkhPJmRW,0,1,,,0,2,,,,,,,0,3,,,0,3,,,0,1,,,,,,,0,2,,,0,3,,,0,1,,,,,,,0,2,,,0,3,,,0,1,,,,,,,0,2,,,0,1,0,2,0,3,,,,,,,,,,,1,"It was a bit confusing because the calories don't seem to be corresponding to the amount of sugar and fat. Some items had less calories while containing more sugar/fat than other items. Also, it would be good to see how much salt is contained since salty snacks are usually unhealthy..and again, most snacks (like chips or salsa etc) are salty. I like the graphic a lot!!"
R_vDNS996a30sj4yt,2016-02-15 14:57,2016-02-15 14:59,9bSZGxpzwYt8Zz8Kx,0,3,0,2,,,,,,,,,0,1,,,,,,,0,1,,,0,2,,,0,3,,,,,,,0,2,,,0,1,,,0,3,,,,,0,2,0,3,0,1,,,,,,,,,,,0,1,0,3,,,,,,,0,2,,,1,"Lots of hanging, particularly in the game, but a fun experience :)"
R_2w6Qhfk79iWARRc,2016-02-15 15:46,2016-02-15 15:49,peZip3nZ25pQ4ism4,0,3,,,0,1,,,,,,,0,2,,,0,3,,,0,1,,,,,,,0,2,,,,,0,3,0,2,,,0,1,,,,,,,,,,,0,1,,,,,,,0,2,0,3,0,3,,,,,,,0,2,,,0,1,,,1,
R_3oZNSlRUhfv4Pwj,2016-02-15 16:36,2016-02-15 16:37,hFMehFgYKLkcpyuQ9,0,2,,,0,3,,,,,,,0,1,,,0,2,0,3,,,,,0,1,,,,,,,0,2,,,0,3,,,0,1,,,,,,,0,2,,,0,3,,,0,1,,,,,,,0,2,0,3,,,,,,,,,,,0,1,1,
R_2tbrQGWMmA7DXdy,2016-02-15 17:02,2016-02-15 17:05,GL2hudNdtRviGrbv6,0,1,0,2,,,,,,,,,,,0,3,,,,,0,2,,,,,,,0,1,0,3,0,3,,,,,,,,,,,0,2,0,1,0,3,,,,,,,,,,,0,2,0,1,0,3,0,1,0,2,,,,,,,,,,,1,
R_3PufcaHlPfa5rFG,2016-02-15 17:07,2016-02-15 17:15,YiHmJ4qLbxiwyjMFd,0,3,,,,,,,,,0,1,0,2,,,,,,,,,,,0,3,0,1,0,2,,,,,,,,,,,0,3,0,1,0,2,,,,,,,,,,,0,3,0,1,0,2,,,0,3,,,,,,,,,0,1,0,2,,,1,"Regarding the part where I have to pick the top three reasons why I chose a certain snack, I wonder why ""nutrition fact"" was not an explicit option. "
R_24NMmKHbUACyDRd,2016-02-15 17:15,2016-02-15 17:16,Xyy2u4fX5w8ZXBK3y,0,3,,,0,2,,,,,,,0,1,,,0,1,,,0,3,,,,,,,0,2,,,0,2,,,0,3,,,,,,,0,1,,,0,3,,,0,1,,,,,,,0,2,,,0,2,,,0,1,,,,,,,0,3,,,1,
R_3PoGdT9eu6uvnMQ,2016-02-15 17:48,2016-02-15 17:50,PxZYxaGdJhcnoWWsT,,,,,0,2,,,,,0,1,0,3,,,,,,,0,3,,,,,0,2,0,1,,,,,,,0,3,,,,,0,1,0,2,,,,,,,0,3,,,,,0,1,0,2,,,,,,,0,3,,,,,0,1,0,2,,,1,"Hi, I look mostly at grams of sugar. I was not sure how to capture this notion with the options given. Good luck!"
R_20YUwrrvtyeOzbR,2016-02-15 21:23,2016-02-15 21:24,nXMXFzpgTi4qgwWK6,0,3,,,,,,,,,,,0,2,0,1,,,,,,,,,0,3,0,1,0,2,,,,,,,0,3,,,0,1,,,0,2,,,,,,,0,1,,,0,2,,,0,3,,,,,,,0,2,,,,,,,0,3,0,1,1,
R_87cib1cRV0rCuLT,2016-02-15 21:25,2016-02-15 21:28,idBwv2cHpmaynrZhD,0,3,,,0,2,,,,,,,0,1,,,,,,,,,0,2,0,3,,,0,1,,,,,,,0,2,,,0,1,,,,,0,3,,,,,0,2,,,0,3,,,0,1,,,0,3,0,2,,,,,,,,,0,1,,,1,kind of fun and informative
R_DkSJLBissRqAsZX,2016-02-15 21:30,2016-02-15 21:31,qHfPbdZH5ooEhRGj5,,,,,,,,,0,3,0,1,,,0,2,,,,,,,,,,,0,2,0,1,0,3,,,,,,,,,0,1,0,2,,,0,3,,,,,,,,,0,3,0,1,0,2,,,0,3,,,,,,,,,0,2,,,0,1,1,https://www.youtube.com/watch?v=oHg5SJYRHA0 /  /  /  /  /  /  /  /  /  /  /  /  /  /  / ;)
R_DicTBRMLUpVoLi9,2016-02-15 23:15,2016-02-15 23:18,bvQKD5bRjLyvwCpPy,0,1,,,0,null,,,,,,,,,0,2,,,,,0,2,,,,,0,3,0,1,,,,,,,0,2,,,,,0,3,0,1,,,,,,,0,2,,,,,0,3,0,1,,,0,2,,,,,,,,,0,3,0,1,,,1,"For many snacks, I only thought about 1 or 2 aspects of them but I was forced to choose three. "
R_DqsnZ0LN8QAeYeJ,2016-02-16 11:19,2016-02-16 11:20,nTjB9cbr4ip2uXa8g,0,2,,,,,,,0,1,,,0,3,,,,,,,0,2,,,0,1,,,0,3,,,,,,,0,2,,,0,1,,,0,3,,,,,,,0,3,,,0,1,,,0,2,,,0,1,,,0,2,,,,,,,0,3,,,1,
R_1MPXRTTUMfSEen7,2016-02-16 13:43,2016-02-16 13:46,ufYSbrs2puEYHomhr,0,2,,,0,3,,,,,,,0,1,,,,,0,3,0,2,,,,,,,0,1,,,,,0,3,0,2,,,,,,,0,1,,,0,3,,,0,1,,,,,,,0,2,,,0,1,,,0,3,,,,,,,0,2,,,1,I looked a lot at the sugar/fat content and balancing that with caloric value largely influenced my choices for every single item but that wasn't one of the options to drag into the box.
R_1dgWYAbkPIlaxcI,2016-02-16 14:43,2016-02-16 14:45,iNRN7ctrXkwmZQSxt,,,0,3,0,2,,,,,,,0,1,,,,,,,0,2,,,0,3,,,0,1,,,,,,,0,2,,,,,0,3,0,1,,,,,,,0,2,,,,,0,3,0,1,,,0,2,,,,,,,,,0,3,0,1,,,1,
R_1eKwsKdLartVW3X,2016-02-16 15:15,2016-02-16 15:18,qf7G2up2hE5qScuK9,,,0,1,0,3,,,,,,,0,2,,,,,0,3,0,1,,,,,,,0,2,,,,,0,3,0,1,,,,,,,0,2,,,,,0,3,0,2,,,,,,,0,1,,,0,2,0,1,,,0,3,,,,,,,,,1,"...I thought I just finished the second half?  I had some significant hangs in the game, but made it through"
R_en9ZVnyWdsiuoRH,2016-02-16 17:58,2016-02-16 17:59,Wxu8k7df9yj4j6573,0,2,,,0,3,,,,,,,0,1,,,,,0,3,0,2,,,,,,,0,1,,,,,0,2,0,3,,,,,,,0,1,,,0,2,,,0,3,,,,,,,0,1,,,0,2,,,0,3,,,,,,,0,1,,,1,
R_3fiWMJh1s4udHJN,2016-02-16 19:23,2016-02-16 19:26,8rkTWSowd8QnKYkrE,0,1,0,2,,,,,,,0,3,,,,,,,,,0,3,,,,,0,1,0,2,,,,,,,0,2,,,,,0,3,0,1,,,,,,,0,3,,,,,0,2,0,1,,,0,1,0,2,,,,,,,,,0,3,,,1,I think this was well put together. Kudos. I cant wait to see the second half. Your hard work is finally paying off! :)
R_3dXnv5EvgShusPS,2016-02-16 21:23,2016-02-16 21:24,m3PpL6WcoykRyE6pm,0,2,0,1,0,3,,,,,,,,,,,,,0,3,,,,,0,2,,,0,1,,,,,0,3,,,,,0,2,,,0,1,,,0,3,,,,,,,0,2,,,0,1,,,0,2,0,1,,,,,,,,,,,0,3,1,
R_1IiRTig0giul4qo,2016-02-17 0:39,2016-02-17 0:43,i8NjyEXvuMDxg5nGL,0,2,,,0,3,,,,,,,0,1,,,,,,,0,1,,,0,3,,,0,2,,,,,,,0,2,,,0,3,,,0,1,,,,,,,0,3,,,0,1,,,0,2,,,0,2,0,1,,,,,,,,,0,3,,,1,"It was so long. :D But I think the most frustrating thing (maybe intentional? :D) was that I kept focusing on picking snacks that were the lowest in calories (in the game). I thought this was bad because things like pretzels might have low calories but they are empty calories. While veggies and hummas would have more calories they are better for you (keeping calories mostly in balance, of course)."
R_24OBLYGisckQqto,2016-02-17 11:50,2016-02-17 11:51,c7KXKPxqoFftvbiRo,0,1,,,0,3,,,,,,,,,0,2,,,0,3,,,,,0,1,,,,,0,2,,,0,3,,,,,0,2,,,,,0,1,,,0,3,,,0,2,,,,,,,0,1,0,3,0,2,,,,,,,,,,,0,1,1,
R_2cipWziupatLyoU,2016-02-17 18:39,2016-02-17 18:41,nyhJYddWvp3BB3QQw,0,3,,,0,2,,,,,,,0,1,,,0,3,,,0,2,,,,,,,0,1,,,0,3,0,1,0,2,,,,,,,,,,,0,3,,,0,1,,,,,,,0,2,,,0,3,,,0,1,,,,,,,0,2,,,1,
R_2Vyj9ZbOC5kvJvT,2016-02-17 21:02,2016-02-17 21:04,Go273GW8uicZrCdSD,0,1,0,3,,,0,2,,,,,,,,,0,2,,,0,3,,,,,,,0,1,,,0,3,,,,,,,,,0,2,0,1,,,0,3,,,,,,,0,2,,,0,1,,,0,2,,,0,1,,,,,,,0,3,,,1,Very interesting project and yummy graphics!
R_3OktZtN6rrzkctB,2016-02-18 0:43,2016-02-18 0:44,WxM5cQu2SaeRc9e8S,,,,,,,,,,,0,2,0,1,0,3,,,,,,,,,0,2,0,3,0,1,,,0,2,,,,,,,,,,,0,1,0,3,,,,,,,,,,,0,2,0,1,0,3,0,1,0,2,,,,,,,,,,,0,3,1,
R_exnFa9NwfndFL8Z,2016-02-18 11:02,2016-02-18 11:03,Yq2tfTdFxrtJJrtiK,,,0,2,,,0,3,,,,,0,1,,,,,,,,,0,3,0,2,,,0,1,,,,,,,,,0,2,,,,,0,1,0,3,,,,,0,2,0,3,,,,,0,1,,,0,2,,,,,0,3,,,,,0,1,,,1,
R_3qefVmjPymKFU46,2016-02-18 12:03,2016-02-18 12:05,nn9r35Fnm3dt4Mwac,0,1,,,0,2,,,0,3,,,,,,,0,1,,,0,2,,,0,3,,,,,,,0,1,,,0,2,,,0,3,,,,,,,0,1,,,0,2,,,0,3,,,,,,,0,2,0,1,,,,,,,,,,,0,3,1,"To me, snacks also involve fresh fruit - so after the feeding the monster activity, I tried to align my view of ""snack foods"" to the game's view...  "
R_1joztFyrIh6ZF4x,2016-02-18 15:51,2016-02-18 15:53,B2ZCZF78M52DaYdRe,0,2,0,3,,,,,,,,,0,1,,,0,2,0,3,,,,,,,,,0,1,,,0,3,,,0,2,,,,,,,0,1,,,,,0,3,0,2,,,,,,,0,1,,,,,0,3,0,2,,,,,,,0,1,,,1,
R_1Clj7wtyxcvzjff,2016-02-18 16:14,2016-02-18 16:15,qBC3M3KQn9vNCcPqE,,,,,0,2,,,,,0,3,0,1,,,0,3,,,,,,,,,0,2,0,1,,,,,0,3,,,0,2,,,,,0,1,,,,,0,2,,,,,,,0,3,0,1,,,,,,,,,0,3,,,0,1,0,2,,,1,
R_ABS2CUVRi462tW1,2016-02-18 16:41,2016-02-18 16:43,q4HPxfuFegecSLdDp,,,0,3,,,,,,,0,2,0,1,,,0,3,,,,,,,,,0,2,0,1,,,0,2,,,,,,,,,0,1,0,3,,,,,0,1,,,,,,,0,3,,,0,2,0,3,0,2,,,,,,,,,,,0,1,1,
R_1KjT4Hi4G3T2D3i,2016-02-18 17:28,2016-02-18 17:31,yZoeMgzGtaMeqaFnP,0,2,,,0,3,,,,,,,0,1,,,,,0,3,,,,,,,,,0,1,0,2,,,0,3,,,,,,,,,0,1,0,2,,,0,3,,,,,,,,,0,1,0,2,0,2,0,1,,,,,,,,,0,3,,,1,"I do snack but I often bring pieces of fruit to my office as a snack, or pack fruit or nuts as snacks for my family. "
R_33Dry96Uin0xVv3,2016-02-18 20:11,2016-02-18 20:13,2EaSSMTDRTavgzxWY,0,2,0,1,,,,,,,,,,,0,3,,,0,1,,,,,,,,,0,2,0,3,,,0,1,0,3,,,,,0,2,,,,,,,0,2,,,,,,,,,0,3,0,1,0,3,0,1,,,,,,,,,,,0,2,1,
R_3MysCKxZZlxFaVz,2016-02-19 7:03,2016-02-19 7:06,Ka7uwDPR6rD8fmrYq,0,1,,,0,2,,,,,0,3,,,,,0,1,,,0,2,,,,,0,3,,,,,0,1,,,0,3,,,,,0,2,,,,,0,1,,,0,3,,,,,0,2,,,,,0,1,,,0,3,,,,,0,2,,,,,1,
R_2B3e8xgz7k3EjqV,2016-02-20 20:44,2016-02-20 20:46,79cjqjh3rhGT85Z35,0,2,,,0,1,,,,,,,0,3,,,,,,,0,3,,,0,1,,,0,2,,,,,,,0,2,,,0,3,,,0,1,,,,,,,0,2,,,0,3,,,0,1,,,,,,,0,2,,,0,3,,,0,1,,,1,
R_3M6zYhiv2EmfjOo,2016-02-21 1:40,2016-02-21 1:42,wtSLbuDzbcFjvfDEf,0,3,,,,,,,,,0,2,0,1,,,,,,,,,,,0,1,0,3,0,2,,,,,,,,,,,0,1,0,3,0,2,,,,,,,,,,,0,1,0,3,0,2,,,,,,,,,0,3,,,0,2,0,1,,,1,
R_3EcnkzfGQ3i1xwh,2016-02-21 4:50,2016-02-21 4:52,tyLjuwcbAbuazEQiG,0,1,,,0,2,,,,,,,0,3,,,,,,,0,3,,,0,1,,,0,2,,,,,,,0,2,,,0,1,,,0,3,,,,,,,0,2,,,0,1,,,0,3,,,0,3,0,2,0,1,,,,,,,,,,,1,
R_erZXrd8kbf6J0yZ,2016-02-21 9:51,2016-02-21 9:52,u469QjCESYfQpGHJC,0,3,,,0,2,,,,,,,0,1,,,0,1,0,2,0,3,,,,,,,,,,,0,3,,,0,2,,,,,,,0,1,,,,,,,0,3,,,0,1,,,0,2,,,0,2,0,1,,,,,,,,,0,3,,,1,"It was fun. Thank you, Maria. "
R_2VqoVi1ZnEmTGtB,2016-02-21 10:09,2016-02-21 10:11,SoKJoq72nqsZeYAav,,,,,0,3,0,1,,,,,0,2,,,0,1,,,,,0,3,,,,,0,2,,,0,3,,,,,,,,,0,2,0,1,,,,,,,,,0,3,,,0,1,0,2,,,0,3,,,,,,,,,0,2,0,1,,,1,
R_2xzUMHcZOSGcB2X,2016-02-21 11:08,2016-02-21 11:09,EsvySo9AtybDSYAs8,,,,,,,0,2,,,0,3,0,1,,,0,3,,,,,,,0,2,,,0,1,,,,,,,0,3,,,0,2,,,0,1,,,,,0,3,,,,,0,2,,,0,1,,,,,,,,,,,,,0,2,0,1,0,3,1,
R_1mUI6bUunpTbNZK,2016-02-22 12:06,2016-02-22 12:08,JRcAvo7ghDwhDZL84,,,,,0,1,,,,,0,3,0,2,,,,,,,0,3,,,,,0,1,0,2,,,,,,,0,3,,,,,0,2,0,1,,,,,,,0,3,,,,,0,2,0,1,,,0,1,,,0,2,,,,,0,3,,,,,1,"One's personal definition of ""snack food"" plays into the results for this immensely. For instance, I consider carrots a snack food, and that's the type of snack I generally choose. If the questions apply specifically to unhealthy foods like chips and cookies, that should be made clear in each question. "
R_2X7k3Ir8ukFqZB8,2016-02-22 15:51,2016-02-22 15:54,MrGZ6mh63fudmqYDf,0,1,,,,,0,3,,,,,0,2,,,0,1,,,,,,,0,2,,,0,3,,,0,2,,,,,,,0,1,,,0,3,,,0,3,,,0,1,,,0,2,,,,,,,0,1,0,3,,,,,,,0,2,,,,,1,
R_2zAsudOnfoRYzgi,2016-02-23 8:59,2016-02-23 9:01,Lcmknpky6pFHN3tQu,0,3,,,,,,,0,2,,,0,1,,,0,3,0,2,,,,,,,,,0,1,,,0,3,0,1,,,,,,,,,0,2,,,,,0,1,,,0,2,,,,,0,3,,,0,1,0,3,,,,,,,,,0,2,,,1,
R_0GsD1rVIaR9ohKV,2016-02-23 14:30,2016-02-23 14:37,5bASBojyYxYwsQXxd,0,3,,,,,,,,,,,0,1,0,2,0,3,,,,,,,,,,,0,1,0,2,0,3,,,,,,,,,,,0,1,0,2,,,,,0,2,,,,,,,0,1,0,3,0,3,,,,,,,,,,,0,1,0,2,1,"I often didn't have more than one reason to choose a snack over another, if they all tasted the same it just boiled down to caloric content (for the first 2-3 choices I didn't notice the ""more info"" button so I selected based on packaging though). "
R_YSKl2GHfmUHGpr3,2016-02-23 15:11,2016-02-23 15:13,AqpMTK8pfa3ZDgCnX,0,1,0,3,,,,,,,,,,,0,2,0,1,0,2,,,,,,,,,0,3,,,0,3,0,2,0,1,,,,,,,,,,,0,2,0,3,,,,,,,,,,,0,1,0,1,0,2,,,,,,,,,,,0,3,1,
R_1IoTTIehzGGIUbP,2016-02-23 15:18,2016-02-23 15:20,CLtNCJghz2jZqxeK9,0,1,0,3,0,2,,,,,,,,,,,0,1,,,0,2,,,,,,,0,3,,,0,2,,,0,1,,,,,,,0,3,,,0,2,,,0,1,,,,,,,0,3,,,0,1,0,2,,,0,3,,,,,,,,,1,
R_33dm9iix4M8PUrq,2016-02-24 19:19,2016-02-24 19:21,YGJd65DmqYzQazNgB,0,1,0,2,0,3,,,,,,,,,,,,,0,3,0,1,,,,,,,0,2,,,,,0,3,,,,,0,2,,,0,1,,,,,0,2,,,,,0,3,,,0,1,,,0,1,0,2,0,3,,,,,,,,,,,1,
R_2y1s92gMHHjFlEc,2016-02-25 14:18,2016-02-25 14:19,fhuLXXHqMQ5d8rDAn,,,,,0,2,,,0,3,,,0,1,,,,,,,0,1,,,0,3,,,0,2,,,,,,,0,2,,,0,3,,,0,1,,,0,1,,,0,2,,,,,,,0,3,,,,,,,0,3,,,0,2,,,0,1,,,1,
R_QhKJOkppullYPQt,2016-02-26 3:14,2016-02-26 3:15,QmvwaSmSW9vegKCLm,,,0,3,,,,,0,2,,,0,1,,,,,0,2,0,3,,,0,1,,,,,,,0,3,,,0,1,,,,,,,0,2,,,0,1,,,,,,,,,,,0,2,0,3,,,,,0,2,,,,,,,0,1,0,3,1,
R_1LvZ5GmtHUVD0Of,2016-02-26 14:22,2016-02-26 14:33,u4ij2RsfoD2QLvBEb,,,,,0,3,,,,,0,1,0,2,,,,,,,0,1,,,,,0,3,0,2,,,0,1,,,,,0,2,,,,,0,3,,,,,,,,,0,1,,,0,3,0,2,,,,,,,,,0,1,,,0,3,0,2,,,1,"When purchasing food/ snack, I consider sugar/ fat/ nutrition/calories. So when you ask what influence me to consider those items, you didn't have sugar/ fat amount for me to choose. To me, those are the number one thing I look BEFORE numbers of calories. I will not choose zero gram sugar because those items tend to have the highest amount of fat.  /  / Your game was a bit confusing. I thought i HAVE TO choose 3 snacks to feed the monster in each round. When i learn that i fed too much calories to my monster, i tried to submit two items and it let me go to next round. So if i want to feed my monster at the lowest calories, i don't have to feed him any snacks at all? /  / I think you put too much emphasis on calories. Some high calories food are good for you, like nuts. Though nuts give me higher calories, they are packed with nutrition. High fat but they are good fat.  /  / When i feed the monster, i only choose the items that i would eat. I don't like gummy, popsicle, peanut butter, and hard candy. So even if i know those items MAYBE healthier or give less calories, i wouldn't feed that to my monster. "
R_9mM7dQ5ONhTTCN3,2016-02-27 22:29,2016-02-27 22:31,AwhQeCLDxEyvjTy3X,0,3,0,2,0,1,,,,,,,,,,,0,2,,,0,3,,,0,1,,,,,,,0,3,,,0,2,,,,,,,0,1,,,0,2,,,,,,,,,,,0,1,0,3,,,0,1,,,,,,,,,0,2,0,3,1,
R_sU0LsFkipwjvvCF,2016-02-28 4:24,2016-02-28 4:28,YM8venxunpNq9B2xq,,,0,1,,,,,,,,,0,2,0,3,,,0,1,,,,,,,,,0,2,0,3,,,0,1,,,,,,,,,0,2,0,3,0,1,0,3,0,2,,,,,,,,,,,,,0,1,,,,,,,,,0,2,0,3,1,"I found the game [around having foods delivered] slightly contrived inasmuch as I knew I would not actually get the objects, although it might be interesting to know how the Amazon winners actually spend their money! Also, I'm not sure that I followed the game around picking 3 items correctly; moreover, as I recall, one of the game boards had the same object twice, but different numbers showed up when I clicked them."
R_2RQX5wvie6UYeEV,2016-02-28 13:43,2016-02-28 13:45,no24mX6RndnhrbK2G,0,1,0,2,,,,,,,,,,,0,3,,,0,2,0,3,,,,,0,1,,,,,,,0,3,,,,,,,0,2,0,1,,,0,3,,,,,,,,,0,2,0,1,,,0,3,,,,,,,,,0,2,0,1,,,1,it would be better if we can see how much more questions left for completion of the session!
R_2wdI8PM2yJgbEqt,2016-02-28 15:20,2016-02-28 15:22,Bpj4sGSnkFdkCCxNf,,,,,0,3,,,,,0,1,0,2,,,,,,,0,3,,,,,0,1,0,2,,,,,,,0,3,,,,,0,1,0,2,,,,,,,0,3,,,,,0,1,0,2,,,,,,,0,3,,,,,0,1,0,2,,,1,
R_1DFNi3PKLHiWaGX,2016-02-29 8:52,2016-02-29 8:53,mMzbDo23w5dTrdSEk,0,3,,,0,1,,,,,,,0,2,,,0,3,,,0,2,,,,,,,0,1,,,0,2,0,3,,,,,,,,,0,1,,,0,2,,,,,,,0,3,,,0,1,,,0,2,,,0,3,,,,,,,0,1,,,1,
R_eXWy2BkjENGm0ZX,2016-02-29 9:53,2016-02-29 9:57,6A43r9ZERAEEDbZ8E,0,3,,,,,,,0,1,,,0,2,,,,,,,0,3,,,0,2,,,0,1,,,,,,,0,3,,,0,1,,,0,2,,,,,,,0,3,,,0,2,,,0,1,,,0,3,,,,,,,0,1,,,0,2,,,1,"I was unclear about whether or not this survey was taking into consideration healthy snacks during the questionaire portions (i.e. nuts, avocado, fruit, vegetables, whole wheat crackers, hummus, salsa). My snacking habits are primarily concerned with these types of items and rarely with sugary pastries, ice cream, full-fat chips, etc. My answers may have changed if I knew whether or not this survey was referring exclusively to ""fatty/high-calorie"" snacks or any kind of snacks. "
R_22PksRyJ4cuUieo,2016-02-29 10:00,2016-02-29 10:01,XAgek4Txgcr6zNhkX,0,2,0,1,,,,,,,,,0,3,,,,,,,0,1,,,0,3,,,0,2,,,,,,,0,3,,,0,2,,,0,1,,,,,,,0,3,,,0,1,,,0,2,,,0,1,0,2,0,3,,,,,,,,,,,1,Good luck.
R_pAI4x0zazfuc6Zj,2016-02-29 13:39,2016-02-29 13:41,2HF6FqEczphrX2Bid,0,2,,,,,,,,,,,0,1,0,3,,,,,,,,,0,2,,,0,1,0,3,,,,,,,,,0,2,,,0,1,0,3,,,,,,,,,0,2,,,0,1,0,3,0,1,0,2,,,,,,,,,0,3,,,1,
R_8wZLZgaXP755sul,2016-02-29 18:15,2016-02-29 18:16,XgZraYjGuDarzP3r7,0,3,0,2,,,,,,,,,,,0,1,0,3,0,2,,,,,,,,,,,0,1,0,3,0,1,,,,,,,,,,,0,2,0,2,0,3,,,,,,,,,,,0,1,0,2,0,3,,,,,,,,,,,0,1,1,
R_2aPhVPZq1MH823E,2016-02-29 18:34,2016-02-29 18:35,PqWLTxemD9c69esfF,0,2,0,3,,,,,,,,,0,1,,,0,2,,,,,,,0,3,,,0,1,,,,,,,0,3,,,,,,,0,1,0,2,,,0,3,,,,,,,,,0,1,0,2,0,3,0,2,,,,,,,,,0,1,,,1,
R_1Dpvecr5XqaOdGh,2016-03-01 1:53,2016-03-01 1:55,za7LyLyEjai9LEXHc,0,2,0,3,,,,,,,,,0,1,,,,,,,0,2,,,,,,,0,1,0,3,,,,,0,2,,,,,,,0,1,0,3,,,,,0,2,,,,,,,0,1,0,3,0,2,0,1,0,3,,,,,,,,,,,1,"Why did some questions ask you to ""select the fourth option"" or ""select the choice that says chocolate"" ?"
R_TthwD2UK442h5O9,2016-03-01 5:58,2016-03-01 5:59,wZbv3M3dFcDzAi36e,0,2,0,3,,,,,,,,,0,1,,,0,2,0,3,,,,,,,,,0,1,,,0,3,0,2,,,,,,,,,0,1,,,0,2,0,3,,,,,,,,,0,1,,,0,2,0,3,,,,,,,,,0,1,,,1,Good luck on the dissertation!!
R_ToXS8EB29RetRRf,2016-03-01 9:59,2016-03-01 10:01,LpifnQpyoAC96S573,0,3,0,2,,,,,,,,,0,1,,,,,0,3,0,2,,,,,,,0,1,,,,,0,2,,,,,,,,,0,1,0,3,,,0,2,0,3,,,,,,,0,1,,,,,0,2,0,3,,,,,,,0,1,,,1,
R_5znG5DLuzDbc2cN,2016-03-01 10:19,2016-03-01 10:20,pnco6QuR9SNdHu77x,0,1,0,2,,,,,,,,,,,0,3,0,1,,,0,2,,,,,,,0,3,,,0,1,,,0,2,,,,,,,0,3,,,0,1,,,0,2,,,,,,,0,3,,,0,1,0,2,,,,,,,,,,,0,3,1,
R_Y52EZ7wuSA9Llg5,2016-03-01 11:25,2016-03-01 11:27,NLM74X7BawyDFny4v,,,,,,,,,0,2,0,3,0,1,,,,,,,,,,,,,0,2,0,1,0,3,,,,,,,,,0,2,0,3,0,1,,,,,,,,,,,0,2,0,3,0,1,,,,,,,,,,,0,3,0,1,0,2,,,1,
R_3NKgvc6zMMHpF4G,2016-03-01 11:44,2016-03-01 11:45,DyGdnuktRvCnzAwJi,0,1,0,2,,,0,3,,,,,,,,,0,2,,,,,0,3,,,,,,,0,1,0,3,0,2,,,,,,,,,,,0,1,0,3,0,2,,,,,,,,,,,0,1,0,1,0,3,,,,,,,,,,,0,2,1,
R_vkNF2CPCAmFM6Vr,2016-03-01 12:10,2016-03-01 12:11,xnnYT3aWf6eE4Q6y9,0,2,,,,,,,,,0,1,0,3,,,0,2,,,,,,,0,3,0,1,,,,,,,,,,,,,0,2,0,1,0,3,,,,,,,,,,,0,3,0,1,0,2,,,,,,,,,,,0,2,0,1,0,3,,,1,
R_3JrVWbasTU53Paf,2016-03-01 12:26,2016-03-01 12:27,XCDm5KKWWLKo82ig8,0,2,0,1,,,,,,,,,0,3,,,0,2,0,3,,,,,,,,,0,1,,,0,3,0,2,,,,,,,,,0,1,,,0,3,0,1,,,,,,,,,0,2,,,0,3,0,2,,,,,,,,,0,1,,,1,The game certainly highlighted the idea that one should look at calories.  Although I wonder if it is a priming effect.
R_1n9g8xc6DuRZ1Ai,2016-03-01 13:36,2016-03-01 13:37,usYEPKufrajuNF47i,0,2,0,1,,,,,,,,,,,0,3,,,,,0,3,,,0,2,,,,,0,1,0,3,,,0,1,,,,,,,,,0,2,0,1,,,,,,,,,,,0,2,0,3,0,2,0,1,,,,,,,,,,,0,3,1,
R_5psDVn5aON3Wi9L,2016-03-01 13:58,2016-03-01 14:00,PmfEWQEeSM8RQm9sL,0,3,,,,,,,0,1,,,0,2,,,0,3,,,,,,,0,1,,,0,2,,,,,,,0,3,,,0,2,,,0,1,,,0,3,,,,,,,0,2,,,0,1,,,0,3,,,,,,,0,2,,,0,1,,,1,Had a little trouble loading the pages at some times.
R_6DXbusFcYjseCEp,2016-03-01 17:38,2016-03-01 17:43,8RWtRBznZwaQXtTjy,,,,,0,2,,,,,0,1,0,3,,,0,3,,,,,,,,,0,1,0,2,,,,,,,0,3,,,0,1,0,2,,,,,,,,,0,3,,,,,0,1,0,2,,,,,,,0,2,,,,,0,1,0,3,,,1,"It was an interesting survey. It might help me to find out my nutrition status, and diet habit.  When I choose the highest calories food in the survey, I wanted to to know the specific information of the ingredient, calorie, or the standard of calorie of male and female in the listed food. Good to check up my diet habit! "
R_3imLqCJQVghMdBb,2016-03-01 18:32,2016-03-01 18:37,7pCqtPS3WupS8an42,0,3,,,0,2,,,,,,,0,1,,,0,2,0,3,,,,,,,,,0,1,,,0,2,0,3,,,,,,,,,0,1,,,0,3,,,0,2,,,,,,,0,1,,,0,1,0,3,,,,,,,,,0,2,,,1,"I was not sure if I should memorize the calories of the illustrated snacks. When I was playing the Monster Appetite game those were the  crucial information but I did not have any clue which one to choose as I did not memorize them. Also when I listed up the reasons I picked the one snack from three,  I was not sure what the ""gift for friend"" choice did with the way I picked for the snack."
R_28G1e9M61JhA9Qc,2016-03-01 19:11,2016-03-01 19:14,HzyJf3ecpepyFffL9,,,,,0,3,,,,,0,1,0,2,,,,,,,0,3,,,,,0,1,0,2,,,,,,,0,3,,,,,0,1,0,2,,,,,,,0,3,,,,,0,1,0,2,,,,,,,0,3,,,,,0,1,0,2,,,1,
R_3Mbd5ZGfhv99SUy,2016-03-01 23:40,2016-03-01 23:42,TYLSC3JKidf2ijqLa,0,3,,,0,2,,,,,,,0,1,,,0,3,,,0,2,,,,,,,0,1,,,0,3,,,0,2,,,,,,,0,1,,,,,,,0,1,,,0,3,,,0,2,,,0,3,,,0,2,,,,,,,0,1,,,1,
R_1mgD8R2WGWIsNCu,2016-03-02 5:08,2016-03-02 5:10,RMo96PZASrs7J7ShD,0,1,0,2,,,,,0,3,,,,,,,0,2,,,0,3,,,0,1,,,,,,,0,1,,,0,3,,,0,2,,,,,,,0,1,,,0,3,,,0,2,,,,,,,0,1,0,2,0,3,,,,,,,,,,,1,
R_cFQeALL4Kcp1fPP,2016-03-02 7:33,2016-03-02 7:35,zr6MbzW9igA4q3Bpk,0,2,0,1,,,,,,,,,0,3,,,0,3,,,,,,,0,2,,,0,1,,,,,,,0,2,,,0,3,,,0,1,,,,,,,0,2,,,0,3,,,0,1,,,0,3,0,2,,,,,,,,,0,1,,,1,
R_3oSMccgsNgziFPL,2016-03-02 10:32,2016-03-02 10:34,8AFCu9YsQmR2WDkrk,,,0,2,0,3,,,,,,,0,1,,,0,3,,,,,,,0,1,,,0,2,,,,,0,3,0,2,,,0,1,,,,,,,,,,,0,3,,,0,2,,,0,1,,,0,2,0,3,,,,,,,,,0,1,,,1,Some snacks can be very healthy like baby carrots
R_3qfmh233QMVPp8E,2016-03-02 15:19,2016-03-02 15:25,FK4Hu9RZqcpEHNEsT,0,3,,,,,,,,,0,2,0,1,,,0,3,,,,,,,,,0,2,0,1,,,0,3,,,,,,,,,0,2,0,1,,,0,3,,,,,,,,,0,2,0,1,,,0,3,,,,,,,,,0,2,0,1,,,1,The time limit in the game portion was a little short and I might have missed picking items for one or more pages because the next page didn't start at the top and I didn't realize that it was on the next page of selections with the timer already running down. It was also unclear what several of the food items were as the images were stretched and the labels hard to read. 
R_3iKgQde8LMyPBUB,2016-03-02 20:31,2016-03-02 20:33,kzsfFDBTiA8Hm5zG8,0,2,,,0,3,,,,,,,0,1,,,0,2,,,0,3,,,,,,,0,1,,,,,,,0,1,,,,,,,0,2,0,3,0,2,,,0,3,,,,,,,0,1,,,0,1,0,3,,,,,,,,,0,2,,,1,
R_2Pn7nnITmKLfvgi,2016-03-02 23:08,2016-03-02 23:08,zBGtTaoT9NXXoiDCo,0,2,0,3,,,,,,,,,0,1,,,0,2,0,3,,,,,0,1,,,,,,,0,2,0,3,,,,,0,1,,,,,,,0,2,0,3,,,,,0,1,,,,,,,0,1,0,2,,,,,,,,,,,0,3,1,
R_OvzTECGNjUhKddn,2016-03-04 1:58,2016-03-04 1:59,5FeAYE9ht2bBCK8Lk,0,2,,,,,,,0,3,,,0,1,,,,,,,,,,,0,1,,,0,2,0,3,,,,,0,3,,,0,2,,,0,1,,,,,,,,,,,0,1,,,0,2,0,3,0,1,0,2,0,3,,,,,,,,,,,1,
R_23eGwNGKjLcrgT6,2016-03-04 2:10,2016-03-04 2:11,ppT2KoixinaKc9zLD,0,3,,,0,1,,,,,,,0,2,,,,,,,0,1,,,,,,,0,2,0,3,,,,,0,1,,,,,,,0,2,0,3,,,,,0,1,,,,,,,0,2,0,3,,,,,0,2,,,,,,,0,1,0,3,1,
R_2eXvXXVCXH9Ib2E,2016-03-04 8:53,2016-03-04 8:56,J2cummHqPe6hMCzQa,0,3,,,0,1,,,,,,,0,2,,,0,3,,,0,1,,,,,,,0,2,,,0,3,,,0,1,,,,,,,0,2,,,0,3,,,0,1,,,,,,,0,2,,,,,,,0,1,,,0,2,,,0,3,,,1,
R_2cj9j8BEoYKdaAk,2016-03-04 12:52,2016-03-04 12:53,TmShwF9bwp277DCmb,0,3,0,2,,,,,,,,,0,1,,,0,2,,,,,,,,,,,0,1,0,3,0,2,,,,,,,,,,,0,1,0,3,0,2,,,,,,,,,,,0,1,0,3,0,2,0,3,,,,,,,,,0,1,,,1,
R_2TSIrjlAgMNzQXA,2016-03-05 8:04,2016-03-05 8:11,XXfq2mbXgiwoevAzb,0,1,0,2,0,3,,,,,,,,,,,,,0,1,,,,,0,3,,,0,2,,,0,3,0,1,,,,,,,,,,,0,2,,,0,1,0,2,,,,,,,,,0,3,0,2,0,1,,,,,,,,,0,3,,,1,"I don't eat any of those kinds of snacks and am already pretty health-conscious/active so while I learned that certain snacks (that were already pretty unfamiliar to me) have more calories/fat/sugar than others, playing the game didn't change my own personal approach because it didn't feel like this study was targeted at me. Also because of the nature of my regular activities (long-distance running and rock climbing), my dietary habits anyway are not indicative of the general public's. "
R_3HvluUG1gyYA4KP,2016-03-05 10:14,2016-03-05 10:16,A4p7aBR98rJFBJaEL,0,2,0,1,0,3,,,,,,,,,,,0,2,0,1,0,3,,,,,,,,,,,,,0,2,0,1,,,,,,,,,0,3,0,1,0,3,0,2,,,,,,,,,,,0,2,0,3,,,0,1,,,,,,,,,1,
R_1odmg6lerGoXDgU,2016-03-05 10:57,2016-03-05 11:01,oD7a6GFkarvp84PRt,0,3,,,,,,,,,0,2,0,1,,,,,,,,,0,3,,,0,2,0,1,,,,,,,0,1,,,,,0,3,0,2,,,,,,,0,2,,,,,,,0,1,0,3,,,,,0,1,0,2,,,,,,,0,3,1,"The time given is too short, I couldn't keep up. It feels boring after a while. But that's also when I start to click on any items that I buy normally to check out their caloric content, since I realize I couldn't beat the time if I put too much thought into my clicking. So overall, it was still quite an educational experience. "
R_1CKJtOad5K3Lwrq,2016-03-05 23:32,2016-03-05 23:33,trErkp8jGhzNAdEsC,0,3,0,2,,,,,,,,,0,1,,,,,0,3,,,,,0,2,,,0,1,,,,,0,2,0,3,,,,,,,0,1,,,,,0,3,,,,,0,2,,,0,1,,,0,2,0,3,,,,,,,,,0,1,,,,
R_2pPpA6raXbWelM1,2016-02-15 21:57,2016-02-15 21:58,iw4jvD5va5fnWukXC,,,,,,,,,0,2,0,1,0,3,,,,,,,,,,,0,2,0,1,0,3,,,,,,,,,,,0,1,0,2,0,3,,,,,,,,,,,0,1,0,2,0,3,,,0,3,0,1,0,2,,,,,,,,,,,,
R_2ZPtIdi3cL0oT1n,2016-02-06 2:27,2016-02-06 2:33,txCosLMnvJa4MJ4f8,,,,,0,3,,,,,0,2,0,1,,,,,,,0,3,,,,,0,1,0,2,,,,,,,,,0,2,0,3,0,1,,,,,,,0,3,,,,,0,2,0,1,,,,,,,0,3,,,0,2,0,1,,,,,,,,
R_1LU0nwL7rFCEAhn,2016-03-01 16:31,2016-03-01 16:33,K3ZMCWFyEZDHrTyJs,0,1,0,3,0,2,,,,,,,,,,,0,3,,,0,2,,,,,,,0,1,,,,,0,1,,,0,2,,,,,,,0,3,0,3,0,1,,,,,,,,,,,0,2,0,1,0,2,,,,,,,,,,,0,3,,
R_xDT3Asc0nuhUhUJ,2016-02-11 13:53,2016-02-11 13:53,aCutL3AYsKLFBY4hw,0,1,,,,,0,2,0,3,,,,,,,,,,,0,3,,,0,2,,,0,1,,,,,,,,,,,0,2,0,1,0,3,,,,,,,,,0,3,0,2,0,1,,,,,,,0,3,,,0,2,0,1,,,,,,,,
R_1jOlXgY1QWxb9Wa,2016-02-18 20:06,2016-02-18 20:09,rwmxw6YBuepteyj3w,0,2,0,1,,,,,,,,,0,3,,,,,,,0,2,,,,,,,0,1,0,3,,,,,0,1,,,,,,,0,2,0,3,,,,,0,2,,,,,,,0,1,0,3,0,1,0,2,,,,,,,,,,,0,3,,
R_3Ey9ic8EAdLq4eh,2016-02-23 14:39,2016-02-23 14:42,YtSdEqNJzaQeCopij,0,3,,,0,2,,,,,,,0,1,,,0,2,0,3,,,,,,,,,0,1,,,0,3,0,2,,,,,,,,,0,1,,,,,0,2,,,,,0,3,,,0,1,,,0,2,0,3,,,,,,,,,0,1,,,,
R_2ZKYvO7v6NkeCZo,2016-03-06 9:20,2016-03-06 9:20,fQW4FvoD7YJtY65Xj,0,3,,,,,0,1,,,,,0,2,,,,,,,0,3,,,,,,,0,1,0,2,0,1,,,0,3,,,,,,,,,0,2,0,3,0,2,,,,,,,,,0,1,,,0,3,,,0,2,,,,,,,0,1,,,1,
R_6EAgE5rmRjhYctb,2016-03-06 10:11,2016-03-06 10:13,5TdrRvXeviEEB2782,0,2,,,,,0,3,,,,,0,1,,,0,2,,,,,0,3,,,,,0,1,,,0,2,,,,,0,3,,,,,0,1,,,0,1,0,3,,,0,2,,,,,,,,,0,2,,,,,0,3,,,,,0,1,,,1,
R_2zXRWhMqctzvQBP,2016-03-06 10:11,2016-03-06 10:16,XjQr98bXFF7M3ndcy,,,,,,,,,0,2,,,0,1,0,3,,,,,,,,,0,2,,,0,1,0,3,,,,,,,,,0,2,,,0,1,0,3,,,,,,,,,0,2,,,0,1,0,3,0,2,0,1,,,,,,,,,0,3,,,1,"The ""Get Info"" button should show all health facts by default. It wasn't until the second round of selections that I realized I could click the button twice. The reasons for selection should include an ""Other"" option, or allow me to pick 1-2 options. I selected, ""Didn't put much thought..."" because I had to pick three options."
R_2cbbPdWeT3ndNu9,2016-03-06 10:33,2016-03-06 10:35,ozofPi8aj5tyaT4eg,0,2,,,0,3,,,,,,,0,1,,,0,2,,,0,3,,,,,,,0,1,,,0,2,,,0,3,,,,,,,0,1,,,0,2,,,0,3,,,,,,,0,1,,,0,2,,,,,0,3,,,,,0,1,,,1,
R_xrCcP5FQtNJvUTD,2016-03-06 10:56,2016-03-06 10:57,gouSf322Wfbff39Ry,0,2,0,3,,,,,,,,,0,1,,,,,,,0,1,,,0,3,,,0,2,,,,,,,0,3,,,0,2,,,0,1,,,,,0,3,,,,,0,2,,,0,1,,,,,0,1,0,3,,,,,,,0,2,,,1,
R_31BCmIjNTUSMhwY,2016-03-06 11:24,2016-03-06 11:26,zHSLFZ2ThvDD5HYzx,0,3,0,2,,,,,,,,,0,1,,,0,3,,,0,2,,,,,,,0,1,,,0,2,,,0,3,,,,,,,0,1,,,0,1,,,0,3,,,,,,,0,2,,,,,0,1,0,3,,,,,,,0,2,,,1,
R_9z7y1yF4nWzW5i1,2016-03-06 13:58,2016-03-06 14:03,nxAYw9WDEpZEActyW,0,1,0,2,,,,,,,,,,,0,3,,,,,0,1,,,0,2,,,,,0,3,,,,,0,1,,,0,2,,,,,0,3,,,,,0,1,,,0,2,,,,,0,3,0,1,0,2,0,3,,,,,,,,,,,1,"I feel like when you say snack food it's classifying snack food as unhealthy food. If I was to snack I wouldn't go to the options that were presented. I would choose all natural, fresh produce, and not processed foods that were provided. Snacks can be healthy, it's just depends on what you're eating. /  / I also think just looking at calories is a terrible way to determine if something is healthy or not. I also think that fats are important. I think there is a misconception in the US that fat in foods make you fat. I don't think this is true. I actually try to seek out foods high in healthy fats and low in refined sugars (which I think is more deadly)."
R_r6W2qVFZ2u6Wzgl,2016-03-06 14:16,2016-03-06 14:17,sRnsZm6AXGfuFXaBL,0,3,0,2,0,1,,,,,,,,,,,0,3,0,1,0,2,,,,,,,,,,,0,3,0,2,,,0,1,,,,,,,,,0,2,0,1,0,3,,,,,,,,,,,0,2,0,1,0,3,,,,,,,,,,,1,
R_2hmPs3Ijy7g1jEZ,2016-03-06 19:18,2016-03-06 19:20,EK5MKqzgwbKp4H3b3,0,2,0,3,,,,,,,,,0,1,,,0,2,0,3,,,,,,,,,0,1,,,,,0,2,0,3,,,,,,,0,1,,,0,1,0,3,,,,,,,,,0,2,,,0,3,0,2,,,,,,,,,0,1,,,1,
R_2E03jqtxFANhTk5,2016-03-06 21:39,2016-03-06 21:40,qgdrKE9jGNxfQQS8Z,0,2,0,1,,,,,,,,,0,3,,,,,0,3,,,,,,,0,2,0,1,,,,,0,3,,,,,,,0,2,0,1,,,,,0,3,,,,,,,0,2,0,1,,,0,1,0,2,,,,,,,,,0,3,,,1,
R_2xzddKamrQBln5E,2016-03-06 21:41,2016-03-06 21:43,7WepedTffMwj4827y,0,1,0,3,,,,,,,,,0,2,,,0,2,,,,,,,,,,,0,1,0,3,,,,,,,0,2,0,1,,,,,0,3,,,,,,,0,2,,,,,0,1,0,3,0,1,,,,,,,,,,,0,2,0,3,1,"It would be nice to have a more clear definition of ""snack foods"" for the survey. When I think of snack foods I think of hummus, apples, bananas, so most of the snacks that appeareed were not things I would eat."
R_3soG1B7FWXEVN7C,2016-03-06 22:15,2016-03-06 22:17,qXjSPCjisfJ95eEvt,0,1,0,2,,,,,,,,,,,0,3,0,1,,,,,,,0,2,,,,,0,3,0,1,0,2,,,,,,,,,,,0,3,,,0,2,0,3,,,,,,,,,0,1,0,1,0,2,,,,,0,3,,,,,,,1,Is number of calories really the most important thing to consider?
R_28AsXlwcax9JaVj,2016-03-07 0:34,2016-03-07 0:36,rzgwdpdiJDSxYGZnA,0,2,0,1,,,,,,,,,0,3,,,0,2,,,,,,,,,,,0,1,0,3,0,2,,,,,,,,,,,0,1,0,3,0,2,,,,,,,,,,,0,1,0,3,0,2,0,1,,,,,,,,,0,3,,,1,
R_2alVhUQIYHAa7cm,2016-03-07 8:18,2016-03-07 8:19,J4zEKsDmhBZRemQxx,0,2,0,3,,,,,,,,,0,1,,,,,0,3,0,2,,,,,,,0,1,,,0,3,,,0,2,,,,,,,0,1,,,0,3,,,0,2,,,,,,,0,1,,,0,3,,,0,2,,,,,,,0,1,,,1,
R_uxObWYEJRFFbWLL,2016-03-07 8:35,2016-03-07 8:37,L4YKzb3s57NWd6NAv,0,1,,,,,0,3,,,,,0,2,,,0,2,,,,,0,3,,,,,0,1,,,0,2,,,0,1,,,,,,,0,3,,,,,,,0,2,,,0,3,,,0,1,,,,,,,0,2,0,3,,,,,0,1,,,1,
R_2wzVAX1PiLaIjDx,2016-03-07 11:21,2016-03-07 11:23,3Scv4Lh7AfesJPwhd,0,2,,,0,1,0,3,,,,,,,,,0,3,,,0,1,,,,,,,0,2,,,,,,,0,2,,,0,1,,,0,3,,,,,,,0,1,,,0,3,,,0,2,,,0,1,,,0,2,,,,,,,0,3,,,1,
R_1mCQIXxe6wQs5C6,2016-03-07 12:52,2016-03-07 13:08,eBK9ZbEMsYZr4qvN5,,,,,0,1,,,0,3,,,0,2,,,,,,,0,1,,,0,3,,,0,2,,,,,,,0,1,,,0,2,,,0,3,,,,,,,0,3,,,0,1,,,0,2,,,0,3,,,0,2,,,,,,,0,1,,,1,"Some picture options in the game were unclear - Some items seemed to be sharing the same image. /  / In picking out and organizing 3 reasons for picking certain items, some options were inapplicable for the illustrated ones -  'Taste' for example. /  / There were two of the same questionnaires. (I read them through and double checked but I think they were the same..) Was it intended? Or was it to see the changes in choices after a certain stage?"
R_2wiQ49ChReAzFTx,2016-03-07 14:52,2016-03-07 14:55,9n5EpvJB2WfCAocg2,0,1,0,3,,,,,,,,,0,2,,,,,0,2,0,3,,,,,,,0,1,,,0,1,0,2,0,3,,,,,,,,,,,0,2,0,3,,,,,,,,,0,1,,,0,3,0,2,,,,,,,,,0,1,,,1,I did the survey on my phone and had trouble with some of the first session loading
R_2rDBM5Wks9sxfcf,2016-03-07 15:10,2016-03-07 15:14,KM8aPtzLYKjy9Wd6r,0,2,0,1,0,3,,,,,,,,,,,,,0,1,,,0,3,,,,,0,2,,,,,0,1,0,3,,,,,,,0,2,,,,,0,2,0,3,,,,,,,0,1,,,0,1,0,2,0,3,,,,,,,,,,,1,
R_1E4iCzjlbJQuN7Q,2016-03-07 15:44,2016-03-07 15:45,BynvkWSwo2taRoXrX,0,1,0,2,,,,,,,,,0,3,,,0,2,,,0,3,,,0,1,,,,,,,0,2,,,0,3,,,0,1,,,,,,,0,2,,,,,,,0,1,,,0,3,,,0,1,0,2,,,,,,,,,0,3,,,1,
R_3ErFUCC53r2ZPzi,2016-03-07 17:47,2016-03-07 17:48,Wsfum3agWhXQX8CXx,,,,,,,,,,,0,2,0,1,0,3,,,,,0,2,,,,,0,3,0,1,,,,,,,0,3,,,,,0,2,0,1,,,,,0,2,,,,,,,0,3,0,1,,,0,2,0,3,,,,,,,,,0,1,,,1,
R_3Gk9BnlX6pHkxzf,2016-03-07 18:34,2016-03-07 18:36,wLGnCDxPy8oExZXAx,0,3,,,0,2,,,,,,,0,1,,,0,3,,,0,2,,,,,,,0,1,,,0,3,,,0,2,,,,,,,0,1,,,0,3,,,0,2,,,,,,,0,1,,,0,3,,,0,2,,,,,,,0,1,,,1,
R_2OV0mRzMC9Gl6V1,2016-03-07 18:52,2016-03-07 18:53,Zni6Soax4z3GW8Df2,,,0,2,0,3,,,,,,,,,0,1,,,0,2,0,3,,,,,,,,,0,1,,,0,2,0,3,,,,,,,,,0,1,,,0,2,0,3,,,,,,,,,0,1,0,3,0,2,,,,,,,,,,,0,1,1,
R_42Vdb4GMs0OLi5H,2016-03-07 21:22,2016-03-07 21:23,Q8rabz9pmuEnvSaoN,0,3,,,,,,,,,,,0,1,0,2,0,3,,,,,,,,,,,0,1,0,2,0,3,,,,,,,,,,,0,1,0,2,0,3,,,,,,,,,,,0,1,0,2,0,3,,,,,,,,,,,0,1,0,2,1,"It would have been nice to have a progress tracker in the monster game. It went on for a bit, and I wasn't sure if it was broken or if it was supposed to go on for that long. Thanks!"
R_25yK6RAbsjZ5AET,2016-03-08 1:08,2016-03-08 1:11,XEFQSfMA4Np9cuPw7,0,2,0,1,,,,,,,,,0,3,,,,,,,,,,,0,1,,,0,2,0,3,,,,,,,,,0,1,,,0,2,0,3,,,,,0,3,,,0,1,,,0,2,,,0,2,0,1,,,,,,,,,,,0,3,1,I think there was a spelling mistake when explaining the game. It said There is 7 days and 3 rounds per day (or something like that) instead of 'there are 7 days...'
R_2rINXrDUcwE2ne6,2016-03-08 2:50,2016-03-08 2:51,db7vBSrm7682SAdgu,0,1,,,,,,,,,,,0,2,0,3,0,2,,,0,3,,,0,1,,,,,,,0,2,,,0,3,,,0,1,,,,,,,0,2,,,,,,,,,,,0,3,0,1,0,3,0,2,,,,,,,,,0,1,,,1,
R_82hMTRFL0TK60oN,2016-03-08 9:42,2016-03-08 9:43,qTogdieYhMcvruSAz,,,0,3,0,2,,,,,,,0,1,,,,,0,3,0,2,,,,,,,0,1,,,,,0,3,0,2,,,,,,,0,1,,,,,0,3,0,2,,,,,,,0,1,,,,,0,3,0,2,,,,,,,0,1,,,1,
R_3Mlp8xpyXooFqYS,2016-03-08 9:47,2016-03-08 9:48,z5RvEc5BoDxBiH3iy,0,3,,,0,2,,,,,,,0,1,,,,,0,2,0,3,,,,,0,1,,,,,0,1,,,0,2,,,,,,,0,3,,,0,2,,,0,1,,,,,,,0,3,,,0,2,,,,,,,0,3,,,0,1,,,1,this was fun! thanks!
R_1r2Jb4Ne9UKh7nP,2016-03-08 9:48,2016-03-08 9:49,KhryLZQ5TvoZre7Wq,0,2,0,1,,,,,,,,,,,0,3,0,2,0,1,,,,,,,,,,,0,3,0,2,0,1,,,,,,,,,,,0,3,0,1,0,2,,,,,,,,,,,0,3,0,1,0,2,,,,,,,,,,,0,3,1,none
R_3Ej8pFTQ7T5NtsW,2016-03-08 9:49,2016-03-08 9:50,z5RvEc5BoDxBiH3iy,0,2,,,0,3,,,0,1,,,,,,,0,3,,,0,1,,,,,0,2,,,,,0,1,,,0,3,,,0,2,,,,,,,0,3,0,2,,,,,0,1,,,,,,,0,2,,,0,3,,,0,1,,,,,,,1,
R_1l5okKCOOD91KTt,2016-03-08 10:09,2016-03-08 10:10,ZB5o3tfWNxeqjrk9A,0,1,0,2,0,3,,,,,,,,,,,0,1,0,2,,,,,,,,,,,0,3,,,0,1,0,2,,,,,,,0,3,,,0,3,0,1,0,2,,,,,,,,,,,0,2,0,1,,,,,,,,,0,3,,,1,
R_TkjoprI65zJ8O8F,2016-03-08 10:29,2016-03-08 10:30,SPtAAc7NJbzx6HGnv,0,2,,,0,3,,,,,,,0,1,,,0,2,,,0,3,,,,,,,0,1,,,0,2,,,0,3,,,,,,,0,1,,,0,2,,,0,3,,,,,,,0,1,,,0,2,,,0,3,,,,,,,0,1,,,1,
R_vHVQzbdfA8H1XOx,2016-03-08 10:34,2016-03-08 10:35,RiaXcXZD8EMe3D675,0,2,,,0,3,,,,,,,0,1,,,0,2,,,0,1,,,,,,,0,3,,,0,3,,,0,2,,,,,,,0,1,,,0,3,,,0,2,,,,,,,0,1,,,0,3,,,0,1,,,,,,,0,2,,,1,no comments
R_2bHs6zKEYOaMyuM,2016-03-08 10:51,2016-03-08 10:52,cLfpHqBMQyBqJmqZN,0,3,,,0,2,,,,,,,0,1,,,0,3,,,0,2,,,,,,,0,1,,,0,3,,,0,2,,,,,,,0,1,,,0,3,,,0,2,,,,,,,0,1,,,0,2,,,0,3,,,,,,,0,1,,,1,
R_3EEmdscoey1ytSb,2016-03-08 10:59,2016-03-08 11:01,WWN5DFC5NTCBf5mzm,,,,,0,2,,,0,3,,,0,1,,,,,,,0,2,,,0,3,,,0,1,,,,,,,0,2,,,0,3,,,0,1,,,,,,,0,2,,,0,3,,,0,1,,,,,,,0,2,,,0,3,,,0,1,,,1,Very interesting study.
R_3m1qCwDSzStMVrS,2016-03-08 11:05,2016-03-08 11:06,kErKZoNcgLDEQLh9h,0,3,0,1,,,,,,,,,,,0,2,0,1,0,2,,,,,,,,,,,0,3,0,3,0,2,,,,,,,,,,,0,1,0,2,0,1,,,,,,,,,,,0,3,0,1,0,2,,,,,,,,,,,0,3,1,none
R_2Pn9nb9AWJH7CWy,2016-03-08 11:23,2016-03-08 11:24,ANpFmJSXtcMZLsKb7,0,2,,,0,3,,,0,1,,,,,,,0,2,,,0,3,,,0,1,,,,,,,0,3,,,0,2,,,0,1,,,,,,,0,2,,,0,3,,,0,1,,,,,,,,,,,0,3,0,1,0,2,,,,,,,1,
R_1HpZtgeyJl6Leoa,2016-03-08 11:31,2016-03-08 11:33,RRGteZxa2sZLjy7tF,0,1,,,0,2,,,,,,,0,3,,,0,1,,,0,3,,,,,,,0,2,,,0,1,,,0,3,,,,,,,0,2,,,0,1,,,,,,,0,2,,,0,3,,,0,1,,,0,3,,,,,,,0,2,,,1,no comments
R_3NVvcJvGdieCJwr,2016-03-08 12:01,2016-03-08 12:03,MWawPm7rihwQdSfEc,0,2,0,3,,,,,,,,,0,1,,,0,3,,,0,2,,,,,,,0,1,,,0,3,,,0,2,,,,,,,0,1,,,0,3,,,0,2,,,,,,,0,1,,,0,3,0,2,,,,,,,,,0,1,,,1,Interesting!!
R_1KeccnfuxUiGP1J,2016-03-08 12:40,2016-03-08 12:40,CpCwPvRPuXbcP6cz2,0,1,,,0,2,,,,,,,0,3,,,0,3,,,,,,,0,1,,,0,2,,,0,2,,,0,3,,,0,1,,,,,,,0,3,,,0,2,,,0,1,,,,,,,0,2,0,3,0,1,,,,,,,,,,,1,
R_U9ApRfTMzQBgV9L,2016-03-08 12:57,2016-03-08 12:59,wGaSKjvm4o49LhLrg,0,1,,,,,,,,,,,0,2,0,3,0,1,,,0,2,,,,,,,,,0,3,0,1,,,0,3,,,,,,,0,2,,,0,1,,,,,,,,,,,0,2,0,3,0,1,,,,,,,,,,,0,2,0,3,1,Thanks
R_3OkSD1iu06rCyKB,2016-03-08 15:23,2016-03-08 15:28,4KFh6N3nNwuJAz9bM,,,,,0,2,,,,,,,0,1,0,3,,,,,0,2,,,,,,,0,1,0,3,,,,,0,2,,,,,,,0,1,0,3,,,,,0,3,,,,,,,0,1,0,2,0,2,,,,,,,,,,,0,1,0,3,1,"When rating the snack delivery options, most of the time my reasons were: / 1) calories / 2) fat content (this was not an option) /  / and that was it. So because I was forced to pick three options, I chose ""ingredients"" and ""did not give much thought"" which really meant, I didn't give a third thought. /  / Also the Monster part was confusing, because I couldn't tell which snacks would have the lowest calories. We should've gotten some feedback as we progressed. For example, I was surprised that popcorn sometimes was low (so it had no butter??) and sometimes was higher. I'm not sure how we would have learned which one was lower without trial and error. Also, pretzels can have a lot of calories if the portion size is too high, or if it's flavored, but these weren't clear..."
R_BVNUiuaa299MMtr,2016-03-08 15:28,2016-03-08 15:30,2EXM3D2Y33A7MB3o7,0,2,,,0,3,,,,,,,0,1,,,0,1,,,0,3,,,,,,,0,2,,,0,2,,,0,3,,,,,,,0,1,,,0,3,,,0,2,,,,,,,0,1,,,0,1,,,0,2,,,,,,,0,3,,,1,
R_3PoFXKzWdHqKKWg,2016-03-08 16:22,2016-03-08 16:25,xPohAATJY45H5Nmhy,0,2,0,3,,,,,0,1,,,,,,,0,2,0,3,,,,,0,1,,,,,,,0,1,0,3,0,2,,,,,,,,,,,0,2,0,3,,,,,0,1,,,,,,,0,2,0,3,,,,,0,1,,,,,,,1,"The timer on my HIT was about to run out, so I submitted it before I was done, and just put in the web address for the page I was on. My worker ID is: / A1FG4M4370KNFI /  / Hopefully my work can still be approved?"
R_1LTDUeoUAY0az9r,2016-03-08 17:31,2016-03-08 17:32,yqvi6AycizdfMW67J,0,1,0,2,0,3,,,,,,,,,,,0,2,0,1,0,3,,,,,,,,,,,0,1,0,2,0,3,,,,,,,,,,,0,2,0,1,0,3,,,,,,,,,,,0,1,0,2,0,3,,,,,,,,,,,1,
R_diNrTuYUAHqWZEZ,2016-03-08 17:33,2016-03-08 17:34,MLNEv85tZLCBBPkBJ,0,2,,,0,3,,,,,,,0,1,,,,,,,0,2,,,,,,,0,1,0,3,,,,,0,2,,,,,,,0,1,0,3,,,,,0,2,,,,,,,0,1,0,3,,,,,0,2,,,,,,,0,1,0,3,1,"One the ""Cartoon"" Foods, I had no choice but to decide by calories. If there was a brand I recognized and liked, I would choose it over the cartoon food. "
R_3CB1JwxlJ2K9Ldj,2016-03-08 17:36,2016-03-08 17:36,MLNEv85tZLCBBPkBJ,0,1,,,0,3,,,,,,,0,2,,,,,,,0,2,,,,,,,0,1,0,3,,,,,0,2,,,,,,,0,1,0,3,,,,,0,2,,,,,,,0,1,0,3,,,,,0,2,,,,,,,0,1,0,3,1,
R_3PNzfHi9MyWHsVd,2016-03-08 19:13,2016-03-08 19:15,GBR5Ti7uHcvswPGew,0,3,,,0,2,,,,,,,0,1,,,0,2,,,0,3,,,,,,,0,1,,,0,1,,,0,3,,,,,,,0,2,,,0,2,,,0,3,,,,,,,0,1,,,0,2,,,0,3,,,,,,,0,1,,,1,
R_WpbyexGOq3rSKTD,2016-03-09 4:07,2016-03-09 4:08,smxtCGqQDdoxSBHnM,0,1,,,,,,,,,,,0,2,0,3,,,0,1,,,,,,,0,2,,,0,3,,,,,,,,,,,0,3,0,1,0,2,,,0,1,,,,,,,0,2,,,0,3,,,,,0,2,,,,,,,0,1,0,3,1,
R_2wSoqKLwK0ycD0x,2016-03-09 8:42,2016-03-09 8:44,JJ5EnHryZ8c2oGQCB,0,1,,,0,2,,,,,,,0,3,,,0,3,,,0,2,,,,,,,0,1,,,0,2,0,3,,,,,,,,,0,1,,,0,2,,,0,1,,,0,3,,,,,,,0,1,,,0,3,,,,,,,0,2,,,1,"Loved this,better understanding of what I am eating"
R_23fVKApQvhmxwrA,2016-03-09 11:26,2016-03-09 11:27,n57DFjukqiJmSHEDQ,0,1,,,0,3,,,,,,,0,2,,,0,1,,,0,2,,,,,,,0,3,,,0,3,,,0,2,,,,,,,0,1,,,0,3,,,0,2,,,,,,,0,1,,,0,3,,,0,2,,,,,,,0,1,,,1,
R_6y7JsLcNpVFySyt,2016-03-09 17:28,2016-03-09 17:29,DjhvjjCAx4ASj2o8R,0,1,0,2,,,0,3,,,,,,,,,0,1,0,2,,,0,3,,,,,,,,,0,2,0,1,,,,,,,,,,,0,3,0,2,0,1,,,0,3,,,,,,,,,0,2,0,1,,,,,,,,,,,0,3,1,
R_1gnme3Cfw9GKO93,2016-03-09 19:11,2016-03-09 19:12,zsJhRyaRoAYMth497,0,3,,,,,0,2,,,,,,,0,1,0,1,,,0,2,0,3,,,,,,,,,,,,,0,3,0,2,,,,,0,1,,,,,0,3,,,0,2,,,,,0,1,,,0,2,,,,,0,1,,,,,0,3,,,1,none
R_TbJaUQniaqMBvfr,2016-03-09 20:52,2016-03-09 20:55,SJfYbZhnHTBay5yyX,0,3,0,2,,,,,,,,,0,1,,,0,3,,,0,2,,,,,,,0,1,,,0,3,,,,,0,2,,,,,0,1,,,0,1,,,,,0,3,,,,,0,2,,,,,0,3,,,0,1,,,,,0,2,,,1,"Some of the snack items I find hard to believe that people would snack on, like plain jelly. Or tartar sauce."
R_2RWyspe2aE0tHWg,2016-03-09 21:42,2016-03-09 21:44,L9LpdeQFGzvFngGYS,0,3,,,0,1,,,0,2,,,,,,,,,,,0,3,,,0,2,,,0,1,,,,,,,0,1,,,0,2,,,0,3,,,,,,,0,2,,,0,3,,,0,1,,,,,,,0,3,,,0,2,,,0,1,,,1,
R_42t9aoZXsgjg0pj,2016-03-09 21:59,2016-03-09 22:01,xM423TEd4E3xpgssf,,,0,3,,,,,0,2,,,0,1,,,,,,,0,2,,,0,3,,,0,1,,,,,,,0,3,,,0,2,,,0,1,,,,,,,0,3,,,0,2,,,0,1,,,0,3,0,2,,,,,,,,,0,1,,,1,
R_yL3vuwIJtnIvdLj,2016-03-10 9:52,2016-03-10 9:53,cSZYtAZP8JYGj5YJm,0,1,0,3,,,,,,,,,0,2,,,0,2,0,1,,,,,,,,,0,3,,,0,2,0,1,,,,,,,,,0,3,,,0,3,0,1,,,,,,,,,0,2,,,0,1,0,3,,,,,,,,,0,2,,,1,
R_2WGpsaM1xqsFn1F,2016-03-10 9:53,2016-03-10 9:53,TRHpDyjtFJ4Bf98dL,0,2,,,0,1,,,,,,,0,3,,,0,3,,,,,,,,,0,2,0,1,,,0,3,0,1,,,,,,,0,2,,,,,,,0,1,0,3,,,0,2,,,,,,,0,3,,,0,1,,,,,,,0,2,,,1,
R_3gS0BKG0eXUlZun,2016-03-10 9:59,2016-03-10 9:59,vHTKf9kPuCEvY8Fb8,0,3,0,1,,,,,,,,,0,2,,,0,3,0,2,,,,,,,,,0,1,,,0,1,0,3,0,2,,,,,,,,,,,,,0,3,0,2,,,,,,,0,1,,,0,2,0,3,,,,,,,,,0,1,,,1,
R_z84MNPoczXkO3df,2016-03-10 9:58,2016-03-10 9:59,7Rn59QWiRLMAcySTj,0,1,0,3,,,,,,,,,0,2,,,0,3,,,0,1,,,,,,,0,2,,,0,2,,,0,3,,,,,,,0,1,,,0,3,,,0,2,,,,,,,0,1,,,0,3,0,2,,,,,,,,,0,1,,,1,Thanks for the quick study.
R_27OuICpva2bbwCo,2016-03-10 10:01,2016-03-10 10:07,KgZMYh23LzaJQn9xQ,,,0,3,0,2,,,,,,,0,1,,,,,,,0,2,,,0,3,,,0,1,,,,,,,0,2,,,0,3,,,0,1,,,,,,,0,1,,,0,3,,,0,2,,,,,0,3,0,2,,,,,,,0,1,,,1,"The monster game seemed a little forced. The instructions clearly indicated to pick the food items I thought contained the most calories, so that's what I did. Pretty obvious that constantly choosing the items with the most calories would eventually kill the monster, but I was uncertain if that was your actual aim or not. If I had gone against the game instructions by not picking the items with the highest amount of calories (which is how I would typically behave), would this have been against your intentions? What I mean to say is: I'm uncertain if the game is meant to reflect actual consumer choices, or if you wanted your participants to behave in a certain way so as to specifically enforce a certain attitude towards snacking."
R_3L75ncfKfPnWwPP,2016-03-10 10:09,2016-03-10 10:09,E3NcHz7W573rHYeyY,0,3,0,1,0,2,,,,,,,,,,,0,1,,,,,,,0,2,,,0,3,,,0,1,,,,,,,,,0,2,0,3,,,0,2,,,,,,,,,,,0,1,0,3,0,3,,,0,1,,,,,,,0,2,,,1,
R_DC5NalUw7rtRimJ,2016-03-10 10:10,2016-03-10 10:11,ZNHoLFfThXn3dxpiE,,,,,0,2,,,0,3,,,0,1,,,,,,,0,2,,,0,3,,,0,1,,,,,,,0,2,,,0,3,,,0,1,,,,,,,0,2,,,0,3,,,0,1,,,,,,,0,2,,,0,3,,,0,1,,,1,
R_2ZKC0ub90etawaY,2016-03-10 10:09,2016-03-10 10:11,oWHGBei3dY4SjyLpw,0,3,0,2,,,,,,,,,0,1,,,,,,,0,3,,,0,1,,,0,2,,,,,,,0,3,,,0,1,,,0,2,,,,,,,0,3,,,0,1,,,0,2,,,0,3,0,1,,,,,,,,,0,2,,,1,
R_REszMvDZubF7YGZ,2016-03-10 10:10,2016-03-10 10:12,XsvK4NT3Nh5wjR8En,,,0,3,,,,,,,0,1,0,2,,,0,3,,,,,,,,,0,1,0,2,,,0,3,,,,,,,,,0,1,0,2,,,0,3,,,,,,,,,0,1,0,2,,,,,0,3,,,,,,,0,1,0,2,,,1,
R_9B43EqkdDdqWiDD,2016-03-10 10:17,2016-03-10 10:18,NvQHkQfCNThsLfjfy,0,1,0,3,0,2,,,,,,,,,,,0,1,,,0,2,,,,,,,0,3,,,0,3,,,0,1,,,,,,,0,2,,,0,2,,,0,1,,,,,,,0,3,,,0,3,0,2,0,1,,,,,,,,,,,1,
R_11ZxUucP3RFSb7z,2016-03-10 10:20,2016-03-10 10:22,bWNtxPkGd8xNqDf2H,0,3,,,0,2,,,,,,,0,1,,,0,3,,,0,1,,,,,,,0,2,,,0,3,,,0,2,,,,,,,0,1,,,0,3,,,0,1,,,,,,,0,2,,,0,3,,,0,2,,,,,,,0,1,,,1,
R_5aL2ttyKgCGvp4d,2016-03-10 10:22,2016-03-10 10:23,8nBmn9tiXEPEpabJq,0,1,0,2,,,,,,,,,,,0,3,0,2,0,3,,,,,,,,,,,0,1,0,1,0,2,,,,,,,,,,,0,3,0,1,0,3,,,,,,,,,,,0,2,0,2,0,1,0,3,,,,,,,,,,,1,
R_Qay1PdCBFp9OxWx,2016-03-10 10:28,2016-03-10 10:30,Af6EwezJnoFReEpua,0,2,0,1,,,,,,,,,0,3,,,0,3,,,0,2,,,0,1,,,,,,,,,,,0,3,,,0,1,,,0,2,,,,,,,0,3,,,0,2,,,0,1,,,0,1,0,2,0,3,,,,,,,,,,,1,This was an interesting survey. Feeding that little green guy all those calories really made me think what I am putting into my body and how I might look. I also enjoyed the setup of the survey.
R_2ZEcxG6BardIaee,2016-03-10 10:33,2016-03-10 10:34,BNHYtgF3y6oE5Z7KQ,0,2,,,,,,,,,0,1,0,3,,,0,2,,,,,,,,,0,1,0,3,,,0,2,,,,,,,,,0,1,0,3,,,0,2,,,,,,,,,0,1,0,3,,,0,2,,,,,,,,,0,1,0,3,,,1,
R_3dFCjICy4UHObeQ,2016-03-10 10:34,2016-03-10 10:35,yYx4x55HrFLHFahMb,0,1,0,3,0,2,,,,,,,,,,,0,3,0,2,,,,,,,,,0,1,,,0,1,0,2,,,,,,,,,0,3,,,0,1,,,0,2,,,,,,,0,3,,,0,2,0,1,0,3,,,,,,,,,,,1,
R_3RdYDY9Do4Ets3O,2016-03-10 10:44,2016-03-10 10:45,5eAZsM6sSPgLp2AGc,0,3,0,1,,,,,,,0,2,,,,,0,3,,,0,2,,,,,,,0,1,,,0,3,,,,,,,,,,,0,1,0,2,,,0,3,,,0,1,,,,,0,2,,,0,1,,,,,,,,,0,2,0,3,,,1,
R_1oBZ1WQ0RYxgHNq,2016-03-10 10:46,2016-03-10 10:47,QzQ7qWvZvRxG3DTiQ,0,3,,,0,1,,,,,,,0,2,,,0,3,,,0,2,,,,,,,0,1,,,0,3,,,0,2,,,,,,,0,1,,,0,3,,,0,2,,,,,,,0,1,,,,,0,3,0,2,,,,,,,0,1,,,1,
R_poOvFPwir6VSGnT,2016-03-10 10:53,2016-03-10 10:56,JzmhwhLyzer2RAe6v,0,1,0,2,,,,,,,,,0,3,,,0,3,,,0,1,,,,,,,0,2,,,0,3,0,1,,,,,,,,,0,2,,,0,3,,,0,2,,,,,,,0,1,,,0,3,0,2,,,,,,,,,0,1,,,1,My worker ID is: A2SK5KHKKIT5T2  / The Email I used for this study is: queenmarissat@gmail.com
R_VKAFo3JHTXYDZNn,2016-03-10 10:59,2016-03-10 11:00,udy3MprwBQ5HiyMCT,,,0,3,,,,,,,0,2,0,1,,,,,0,3,,,,,,,0,2,0,1,,,,,0,3,,,,,,,0,2,0,1,,,,,0,3,,,,,,,0,2,0,1,,,,,0,3,,,,,,,0,2,0,1,,,1,
R_3060GcsD4L9Yab4,2016-03-10 10:58,2016-03-10 11:01,MYDbh5c4b3ziMKmbt,0,3,,,,,,,,,0,2,0,1,,,0,3,,,,,,,,,0,1,0,2,,,,,,,,,,,,,0,1,0,2,0,3,,,,,0,2,,,,,0,1,,,0,3,0,1,0,2,,,0,3,,,,,,,,,1,
R_1HkKl1UqoMyOQhQ,2016-03-10 11:01,2016-03-10 11:02,udy3MprwBQ5HiyMCT,,,0,3,,,,,,,0,2,0,1,,,,,0,3,,,,,,,0,2,0,1,,,,,0,3,,,,,,,0,2,0,1,,,,,0,3,,,,,,,0,2,0,1,,,,,0,3,,,,,,,0,2,0,1,,,1,
R_1d5NYJtW2rJictc,2016-03-10 11:15,2016-03-10 11:16,pJmeMQeWgG5t6W9qP,0,3,,,,,,,,,0,2,0,1,,,0,3,,,,,,,,,0,2,0,1,,,0,3,,,,,,,,,0,2,0,1,,,0,3,,,,,,,,,0,2,0,1,,,0,1,0,2,0,3,,,,,,,,,,,1,thanks this was fun
R_2CJKk9TVxnoDkrs,2016-03-10 11:29,2016-03-10 11:31,ShADd3RgtYRfwa2MZ,,,,,0,3,,,,,0,2,0,1,,,,,,,0,3,,,,,0,2,0,1,,,,,,,,,,,,,0,2,0,1,0,3,0,2,0,1,,,,,,,,,0,3,,,,,,,,,,,,,0,2,0,1,0,3,1,
R_1f1JUhQb87NWwcE,2016-03-10 11:32,2016-03-10 11:33,jDE43c8DM6a8vfhLt,0,2,0,1,,,,,,,,,0,3,,,0,3,0,1,0,2,,,,,,,,,,,0,2,0,1,0,3,,,,,,,,,,,0,2,0,1,0,3,,,,,,,,,,,0,1,0,2,0,3,,,,,,,,,,,1,
R_2R8uDS0cvhBUVMn,2016-03-10 11:46,2016-03-10 11:47,LcANkd9aNJ5k5m36D,0,3,,,,,,,0,1,,,0,2,,,0,2,,,,,,,0,1,,,0,3,,,0,3,,,,,,,0,2,,,0,1,,,0,1,0,2,,,,,,,,,0,3,,,,,0,3,,,,,0,2,,,0,1,,,1,
R_afxWZdVsSjmA63v,2016-03-10 11:50,2016-03-10 11:51,k3GpWCr7PFT6C8hp7,0,2,0,1,0,3,,,,,,,,,,,0,2,0,3,,,,,0,1,,,,,,,0,3,0,2,,,,,0,1,,,,,,,0,2,0,3,,,,,0,1,,,,,,,0,2,0,1,0,3,,,,,,,,,,,1,
R_eLNUMBTTUWcWOul,2016-03-10 11:51,2016-03-10 11:52,btruDZRTdLHpSMw8Z,0,3,,,,,0,1,,,,,0,2,,,0,3,,,,,,,,,0,1,0,2,,,,,0,2,,,,,,,0,1,0,3,,,,,,,0,2,,,,,0,1,0,3,,,,,0,1,,,0,3,,,,,0,2,,,1,
R_3MaLszdPuxEx4Av,2016-03-10 11:54,2016-03-10 11:56,naXyBAkcHQnvmWAq2,0,2,0,1,,,0,3,,,,,,,,,,,0,1,,,,,0,2,,,,,0,3,,,0,1,,,0,3,,,,,,,0,2,,,0,3,,,,,,,,,0,2,0,1,0,2,0,1,,,0,3,,,,,,,,,1,
R_1LjqUl08y7Nwnmx,2016-03-10 12:08,2016-03-10 12:09,AQxTawn2raLNgqZ3P,,,,,0,2,,,,,,,0,1,0,3,,,,,0,2,,,,,,,0,1,0,3,,,,,0,2,,,,,,,0,1,0,3,,,0,3,0,2,,,,,,,0,1,,,,,,,0,2,,,,,,,0,1,0,3,1,
R_2TLQuPopb90X4AT,2016-03-10 12:32,2016-03-10 12:42,5myTGNQJvs2WKRHzh,0,2,0,3,,,,,,,,,0,1,,,0,2,0,3,,,,,,,,,0,1,,,0,2,0,1,,,,,,,,,0,3,,,0,2,0,1,,,,,,,,,0,3,,,,,0,1,0,3,,,,,,,0,2,,,1,none 
R_3LcHVb5VEXpsOuN,2016-03-10 12:42,2016-03-10 12:44,5myTGNQJvs2WKRHzh,0,3,0,2,0,1,,,,,,,,,,,0,3,,,0,1,,,,,,,0,2,,,0,3,0,2,,,,,,,,,0,1,,,0,3,0,2,,,,,,,,,0,1,,,0,3,0,2,,,,,,,,,0,1,,,1,
R_2BsQ23H3sqCtDCq,2016-03-10 12:48,2016-03-10 12:49,uiWHRDoF5BGb4wL2S,0,3,0,2,0,1,,,,,,,,,,,0,3,0,1,,,,,,,,,,,0,2,0,3,0,1,,,,,,,,,,,0,2,0,2,0,3,,,,,,,,,,,0,1,0,1,0,3,,,0,2,,,,,,,,,1,none
R_2EzNhNuYAu227mI,2016-03-10 12:50,2016-03-10 12:51,65rkkh9mvCWJswXdW,0,1,0,3,,,,,,,,,0,2,,,0,3,,,0,1,,,,,,,0,2,,,0,2,,,0,3,,,,,,,0,1,,,0,2,,,,,0,3,,,,,0,1,,,0,1,0,3,,,,,,,,,0,2,,,1,
R_2qyBeOpv1wUqqKO,2016-03-10 12:53,2016-03-10 12:54,DE4yEJwaXQHEzKcQa,0,2,0,3,,,,,,,,,0,1,,,0,1,,,,,,,0,2,,,0,3,,,0,2,0,3,,,,,,,,,0,1,,,0,2,,,0,3,,,,,,,0,1,,,0,1,0,3,,,,,,,,,0,2,,,1,N/A
R_cZMAToBJduXm2pX,2016-03-10 13:02,2016-03-10 13:03,gMminThzBtZJ7uSsx,,,,,0,3,,,0,2,,,0,1,,,,,,,0,2,,,0,3,,,0,1,,,0,3,,,0,2,,,,,,,0,1,,,0,2,,,0,3,,,,,,,0,1,,,0,3,,,0,2,,,,,,,0,1,,,1,None thanks.
R_2OZLEWTSV4RMjZ8,2016-03-10 17:24,2016-03-10 17:25,eCXK2ArfS3criAJTB,0,1,0,3,,,,,,,,,0,2,,,0,1,0,3,,,,,,,,,0,2,,,0,3,0,2,,,,,,,,,0,1,,,,,0,3,0,2,,,,,,,0,1,,,0,1,0,2,0,3,,,,,,,,,,,1,
R_rfGKtffKoAqetln,2016-03-10 19:54,2016-03-10 19:55,qSx3DCWftYj2wsCyv,,,,,,,,,0,1,0,2,0,3,,,,,,,,,,,0,2,0,1,0,3,,,,,,,,,,,0,2,0,1,0,3,,,,,,,,,,,0,2,0,1,0,3,,,,,,,,,,,0,2,0,1,0,3,,,1,
R_W88Te1nRyB5B0Ix,2016-03-10 20:03,2016-03-10 20:04,e39vqG226v3BajR5r,0,2,0,1,,,0,3,,,,,,,,,0,2,0,1,0,3,,,,,,,,,,,0,3,0,2,,,,,0,1,,,,,,,0,3,0,1,,,,,0,2,,,,,,,0,1,0,3,,,,,,,,,0,2,,,1,
R_DrfzNL6U2nZ7jfH,2016-03-10 20:05,2016-03-10 20:06,46jJ5bQRXvenhFmTb,0,1,0,2,,,,,,,,,,,0,3,0,1,0,2,,,,,,,,,,,0,3,0,3,0,1,,,,,,,,,,,0,2,,,0,1,,,0,3,,,,,,,0,2,0,1,0,2,,,,,,,,,,,0,3,1,
R_3kAoyj2FQaidiCK,2016-03-10 20:06,2016-03-10 20:07,46jJ5bQRXvenhFmTb,0,2,0,1,,,,,,,,,,,0,3,0,3,0,1,,,,,,,,,,,0,2,0,3,0,1,,,,,,,,,,,0,2,,,0,1,,,0,3,,,,,,,0,2,0,1,0,2,,,0,3,,,,,,,,,1,
R_3kKT6inYO5XwP6R,2016-03-10 20:12,2016-03-10 20:14,47GQnCY9tKY6QcziM,0,2,0,1,,,,,,,,,,,0,3,0,1,,,,,,,,,,,0,2,0,3,0,1,,,,,,,,,,,0,2,0,3,0,1,,,,,,,,,,,0,2,0,3,0,2,0,1,,,,,,,,,,,0,3,1,"I assumed the ""didn't put much thought into my selection"" meant that I could put that on the list after the first two reasons were the only reasons that I made the choice that I did."
R_01ERO0UAauadHDX,2016-03-10 20:12,2016-03-10 20:15,e3qn8csAYTbHfMxkK,0,1,,,0,3,,,,,,,0,2,,,0,1,,,0,3,,,,,,,0,2,,,,,,,,,0,1,,,,,0,2,0,3,0,1,0,2,,,,,,,,,0,3,,,0,1,,,0,2,,,,,,,0,3,,,1,Good luck with your study!
R_24qhW6fHIEweHni,2016-03-10 20:14,2016-03-10 20:15,JYCXAYdtPkWscrdLB,0,2,,,0,3,,,,,,,0,1,,,0,3,0,2,,,,,,,,,0,1,,,0,3,0,2,,,,,,,,,0,1,,,0,2,0,3,,,,,,,,,0,1,,,0,2,0,3,,,,,,,,,0,1,,,1,
R_2dLSMBPrw8TxRS3,2016-03-10 20:17,2016-03-10 20:18,q7T5qjCJmLKiFDM7B,0,2,,,,,,,,,,,0,1,0,3,0,2,,,0,3,,,,,,,0,1,,,0,3,,,,,,,,,,,0,1,0,2,0,2,0,3,,,,,,,,,0,1,,,0,1,0,3,,,,,,,,,0,2,,,1,
R_3P5idOTvUygFWnv,2016-03-10 20:18,2016-03-10 20:19,9ywHQR3mBPMwFxoz9,0,1,0,2,,,,,,,,,0,3,,,0,1,0,2,,,,,,,,,0,3,,,0,2,0,3,,,,,,,,,0,1,,,0,2,,,0,3,,,,,,,0,1,,,0,1,0,2,,,,,,,,,0,3,,,1,
R_1EgKADiyHW5Wywg,2016-03-10 20:23,2016-03-10 20:24,Ny9gao85Xj9EsukBG,0,2,,,0,1,,,,,,,0,3,,,,,0,3,0,2,,,,,,,0,1,,,0,2,0,3,,,,,,,,,0,1,,,,,0,3,0,2,,,,,,,0,1,,,0,2,0,1,,,,,,,,,0,3,,,1,Happy to help.
R_2dAweEQkNyWRyuf,2016-03-10 20:24,2016-03-10 20:24,CBqTRZWRzXAgfN9Yy,0,1,,,0,2,,,,,,,0,3,,,0,3,,,,,,,0,1,,,0,2,,,0,1,0,2,,,,,,,,,0,3,,,0,3,,,0,1,,,,,,,0,2,,,0,2,0,3,,,,,,,,,0,1,,,1,
R_2V8vA0ILcZ3NMvP,2016-03-10 20:23,2016-03-10 20:26,JSbt6gZfMo7joBzGv,0,1,,,0,2,,,,,,,,,0,3,,,,,0,1,,,0,3,,,0,2,,,,,,,0,1,,,0,3,,,0,2,,,,,,,0,1,,,0,3,,,0,2,,,0,1,0,2,,,,,,,,,,,0,3,1,"AYDILOZLKOAS8@gmail.com, or else send message thru mturk. AYDILOZLKOAS8 is my mturk ID."
R_1puRndSBaI7X3QM,2016-03-10 20:17,2016-03-10 20:31,r7ouGiTYscdMz7S96,0,1,0,2,0,3,,,,,,,,,,,0,3,0,1,0,2,,,,,,,,,,,0,3,0,2,0,1,,,,,,,,,,,0,1,0,2,0,3,,,,,,,,,,,0,1,0,2,,,,,,,,,,,0,3,1,
R_T5WAahoy9zbvJgB,2016-03-10 20:43,2016-03-10 20:44,sffrXtuXr5TiAB4mp,0,1,0,2,,,,,,,,,0,3,,,0,2,0,3,,,,,,,,,0,1,,,0,2,0,3,,,,,,,,,0,1,,,0,1,0,2,,,,,,,,,0,3,,,0,1,0,3,,,,,,,,,0,2,,,1,"No comments, thanks!"
R_1eIATUm6wWYR5Dr,2016-03-10 20:45,2016-03-10 20:48,EKWRiN76o86oB7anS,0,2,0,3,,,,,,,,,0,1,,,,,,,0,2,,,,,,,0,1,0,3,0,2,,,,,,,,,,,0,1,0,3,0,3,,,,,,,,,,,0,1,0,2,0,1,0,3,,,,,,,,,0,2,,,1,Fun task I just want to make sure my email was correct- Mturktracy@yahoo.com
R_3hmvGufLcysbPLD,2016-03-10 20:51,2016-03-10 20:56,yqM2BRFq8ZRfjjLkq,0,2,0,1,,,,,,,,,,,0,3,,,0,2,,,,,0,1,,,,,0,3,,,0,2,0,3,,,0,1,,,,,,,,,0,1,,,0,3,0,2,,,,,,,0,3,0,2,,,,,,,0,1,,,,,1,Monsters were cute. I liked my monster name. There weren't really many healthy choices offered in the monster games. I snack all the time but I would never eat most of that stuff.
R_2w79pM2UdzTxHdc,2016-03-10 21:10,2016-03-10 21:12,WPYRr5aobwBj73DEK,,,,,0,3,,,,,0,1,0,2,,,,,,,0,3,,,,,0,1,0,2,,,,,,,0,3,,,,,0,1,0,2,,,,,,,0,3,,,,,0,1,0,2,,,,,,,0,3,,,,,0,1,0,2,,,1,nice survey
R_71KHvfbyjsWaQgh,2016-03-10 21:15,2016-03-10 21:15,PxTtMMdoKkhi9R3EA,0,1,0,2,,,0,3,,,,,,,,,0,3,,,,,0,2,,,,,0,1,,,,,0,1,,,0,2,,,,,0,3,,,,,0,3,,,,,0,2,,,0,1,,,,,0,2,,,0,1,0,3,,,,,,,1,
R_1JPAG0aMbWQYmUs,2016-03-10 21:17,2016-03-10 21:20,Qqh6muXhTuf3GrNiT,,,0,3,0,2,,,,,,,0,1,,,0,3,,,,,,,0,2,,,0,1,,,,,,,0,3,,,0,2,,,0,1,,,,,,,0,3,,,0,2,,,0,1,,,0,3,0,2,,,,,,,,,0,1,,,1,
R_1mWXZ2s3v1gy71f,2016-03-10 21:26,2016-03-10 21:27,2uka6dm2y2BiZJ2zv,0,2,0,3,,,,,,,,,0,1,,,0,3,,,0,2,,,,,,,0,1,,,,,0,2,0,3,,,,,,,0,1,,,,,0,3,0,2,,,,,,,0,1,,,0,1,,,0,3,,,,,,,0,2,,,1,
R_3iKHTvMwvXlKk8y,2016-03-10 21:28,2016-03-10 21:29,P3KQ9YkjZxt4RLM8n,0,1,,,0,2,,,,,,,0,3,,,0,2,,,0,1,,,,,,,0,3,,,0,1,,,0,3,,,,,,,0,2,,,0,1,,,0,2,,,,,,,0,3,,,0,1,,,0,2,,,,,,,0,3,,,1,Enjoyed.
R_3jfncSykl32UzGK,2016-03-10 21:28,2016-03-10 21:31,w7iHdtHuvS62tpX9A,0,2,0,3,,,,,,,,,0,1,,,,,0,2,,,,,0,1,,,0,3,,,,,0,3,,,,,0,2,,,0,1,,,,,0,3,0,2,,,0,1,,,,,,,0,1,0,2,,,,,,,,,0,3,,,1,"During the monster snacking game sometimes at the end of the day, the text said I consumed a total of 0 calories even though I picked three snacks."
R_2VaRAiIANDhw7CI,2016-03-10 21:30,2016-03-10 21:32,uaKgcq3eKvpoHhiRp,0,2,0,3,,,,,,,,,0,1,,,0,2,,,,,,,,,,,0,1,0,3,0,3,0,2,,,,,,,,,0,1,,,0,3,0,2,,,,,,,,,0,1,,,0,2,0,1,,,,,,,,,0,3,,,1,I have to travel tomorrow afternoon so if I can do part 2 in the morning (before 10 am PST) that would be best.
R_3g579EEPCkyp2nE,2016-03-10 21:43,2016-03-10 21:44,yGMwpC8mFpdaBHsxc,,,,,0,1,,,,,0,3,0,2,,,,,,,0,1,,,,,0,3,0,2,,,,,,,0,1,,,,,0,3,0,2,,,,,,,0,1,,,,,0,3,0,2,,,,,,,0,1,,,,,0,3,0,2,,,1,interesting survey
R_udZXk7aEv7JofSh,2016-03-10 22:07,2016-03-10 22:08,uSMjBeZWWWbr389eX,,,,,,,,,0,3,0,2,0,1,,,,,,,,,,,0,3,0,2,0,1,,,,,,,,,,,0,3,0,2,0,1,,,0,2,,,,,,,,,0,3,0,1,,,,,,,,,,,0,3,0,2,0,1,,,1,
R_22EwQqLo25ofAN2,2016-03-10 22:07,2016-03-10 22:08,L4ym7sk99zbs7SpRS,0,1,,,0,3,,,,,,,0,2,,,0,2,,,0,1,,,,,,,0,3,,,0,1,,,,,,,0,2,,,0,3,,,0,2,,,0,1,,,,,,,0,3,,,0,2,,,0,3,,,,,,,0,1,,,1,
R_1OPF7IseNDc91yL,2016-03-10 22:41,2016-03-10 22:42,tDQkgwFiLneeqykeP,0,1,0,3,0,2,,,,,,,,,,,0,3,,,,,0,2,,,,,0,1,,,0,3,,,0,1,,,,,,,0,2,,,0,2,,,,,,,,,,,0,1,0,3,0,2,0,3,,,,,,,,,0,1,,,1,
R_1f7PvZ7UpoaHbYQ,2016-03-10 22:52,2016-03-10 22:53,DJkv5Fv9S4kWNyB3h,0,1,0,2,0,3,,,,,,,,,,,0,1,0,2,0,3,,,,,,,,,,,0,1,0,2,,,,,,,,,,,0,3,0,2,0,1,,,,,,,,,,,0,3,0,1,0,3,0,2,,,,,,,,,,,1,none
R_yW54Ajvywg2etxL,2016-03-10 23:22,2016-03-10 23:24,8LxJGcCiZ4Qc6jQuJ,0,2,,,0,1,,,,,,,0,3,,,0,1,0,3,0,2,,,,,,,,,,,0,1,,,0,2,,,,,,,0,3,,,0,1,0,2,0,3,,,,,,,,,,,0,1,,,0,2,,,,,,,0,3,,,1,"This is interesting! I am confused ... I will have to submit the first portion of the study, since it has a timer of just a couple of hours. I take it you'll open a second HIT tomorrow? Anyway, thanks for allowing me to participate, and I hope you have a great day!"
R_33917DBx1spXU4c,2016-03-10 23:41,2016-03-10 23:44,sd2kFccpmJrtKtWXt,0,2,,,,,,,,,0,3,0,1,,,0,2,,,,,,,,,0,3,0,1,,,0,3,,,,,,,,,0,2,0,1,,,0,2,,,0,3,,,,,,,0,1,,,0,1,0,2,0,3,,,,,,,,,,,1,That was a lot of fun!! I'm sorry that it ended. I have been struggling with getting myself to think about eating better. And I felt a bit differently after playing the game about being such a snack-horse. :)  It will be interesting to see if I continue to feel different. Please invite me for the second part!
R_3g5Avcbdk8KJVAD,2016-03-11 0:11,2016-03-11 0:13,NfD5PKGzZSHiMziDZ,,,0,3,,,,,0,1,,,0,2,,,0,2,,,0,3,,,0,1,,,,,,,0,3,0,2,,,,,0,1,,,,,,,,,0,1,0,2,0,3,,,,,,,,,,,0,3,,,0,1,,,,,0,2,,,1,
R_W6DkfTYIz59cAH7,2016-03-11 0:30,2016-03-11 0:32,sXZRJJZZ4ukn5Rhsa,0,1,0,2,0,3,,,,,,,,,,,0,3,,,,,,,0,1,,,0,2,,,0,3,,,,,,,0,1,,,0,2,,,0,3,,,,,,,0,1,,,0,2,,,0,1,0,2,0,3,,,,,,,,,,,1,
R_1IAXuLx2dRwBLVs,2016-03-11 0:40,2016-03-11 0:41,veJrsxDb3LXrES4xG,0,1,0,2,,,,,,,,,,,0,3,0,1,0,3,,,0,2,,,,,,,,,0,3,0,2,,,,,0,1,,,,,,,0,3,,,,,0,1,,,,,0,2,,,0,3,0,1,0,2,,,,,,,,,,,1,N/A thanks!
R_2cdXzEOadf3vaJ4,2016-03-11 12:13,2016-03-11 12:16,mhWeQdWa9FaKczAnW,,,0,3,0,1,,,,,0,2,,,,,,,,,0,2,,,,,0,1,,,0,3,,,,,0,1,,,,,0,2,,,0,3,,,,,0,1,,,,,0,2,,,0,3,,,,,0,1,,,,,0,2,,,0,3,1,"During the monster game, sometimes duplicates of certain foods would show up. Also sometimes I clicked one later on because out of curiosity about how much calories were in it. Also if you made it so that you have calorie thresholds and you get something for them or you ""win/lose"" for it, it could make it so I want to click high calorie things more."
R_2cCMeBQgwltXHgp,2016-03-08 16:21,2016-03-08 16:22,xPohAATJY45H5Nmhy,0,3,0,2,,,,,0,1,,,,,,,0,2,0,3,,,,,0,1,,,,,,,0,2,0,3,,,,,0,1,,,,,,,0,1,0,3,0,2,,,,,,,,,,,0,2,0,3,,,,,0,1,,,,,,,,
R_sdo6mNsg24Kmwj7,2016-03-11 17:49,2016-03-11 17:51,KtmBDbHyRWmxF3pSe,0,2,0,3,,,,,,,,,0,1,,,0,2,,,0,3,,,,,,,0,1,,,0,3,,,0,2,,,,,,,0,1,,,0,3,,,0,2,,,,,,,0,1,,,0,2,0,1,,,,,,,,,0,3,,,1,"Some of the images were a little blur, or squeezed, which I believe could be improved. "
R_2qF7kFFtSDedMYc,2016-03-11 20:39,2016-03-11 20:42,C8ZZyaoAKK74u5sYq,0,1,0,3,0,2,,,,,,,,,,,0,2,0,3,,,,,0,1,,,,,,,0,1,0,3,0,2,,,,,,,,,,,0,2,0,3,,,,,0,1,,,,,,,0,1,0,2,0,3,,,,,,,,,,,1,Liked it. Good job!
R_2EuRmShsRGC2SwS,2016-03-11 22:14,2016-03-11 22:16,NEBKBc4v4z22JjHsM,0,2,,,0,3,,,,,,,0,1,,,,,,,0,3,,,0,2,,,0,1,,,,,,,0,3,,,0,2,,,0,1,,,,,,,0,3,,,0,2,,,0,1,,,0,2,,,0,1,,,,,,,0,3,,,1,"When we get to the part where we have to say the top three reasons we picked a particular snack, it was hard for me to remember, especially for generic looking snacks (cartoonized snacks). It would be helpful to be able to click and see info about the snack."
R_3scbVA7erieFlis,2016-03-12 2:10,2016-03-12 2:12,zPcauKCwjaC6ZF2to,0,1,0,2,,,,,,,,,0,3,,,,,,,0,1,,,,,0,2,0,3,,,,,,,0,2,,,0,1,,,0,3,,,,,,,0,2,,,0,1,,,0,3,,,0,1,0,2,,,,,,,,,0,3,,,1,
R_2PhQLOGDhxhT1vZ,2016-03-12 12:43,2016-03-12 12:45,H4f5GuygEFHZk35Nx,0,1,,,0,2,,,,,,,0,3,,,,,,,0,2,,,0,3,,,0,1,,,,,,,0,2,,,0,3,,,0,1,,,,,,,0,2,,,0,3,,,0,1,,,0,1,,,,,,,0,3,,,0,2,,,1,
R_3PSnVfeiIe05Abe,2016-03-10 0:36,2016-03-10 0:38,qifugRh7PhFJPpCmX,0,1,0,2,,,,,,,,,,,0,3,,,,,0,1,,,,,0,3,0,2,,,,,,,0,2,,,,,0,3,0,1,,,,,,,0,1,,,,,0,3,0,2,,,0,1,0,2,,,,,,,,,,,0,3,,
R_1rkslYHlSvgesby,2016-03-10 1:25,2016-03-10 1:26,cWth44wpGS4qP2Yub,0,2,0,1,0,3,,,,,,,,,,,,,0,1,0,3,,,,,,,0,2,,,,,0,2,0,3,,,,,,,0,1,,,,,0,2,0,3,,,,,,,0,1,,,0,3,0,1,,,,,,,,,0,2,,,,
R_1cTfoOGo9l9glPr,2016-03-13 8:44,2016-03-13 8:45,MA2uPdyzNp9BQAqer,0,3,0,1,,,,,,,,,,,0,2,0,2,0,1,0,3,,,,,,,,,,,0,1,0,3,,,,,0,2,,,,,,,0,2,0,1,,,,,,,,,,,0,3,0,2,0,1,,,0,3,,,,,,,,,1,
R_ALrKKoVvWVseS1b,2016-03-13 22:12,2016-03-13 22:14,9et3SfHGXPybDEQvA,0,1,0,2,,,,,,,,,,,0,3,,,,,0,2,,,0,3,,,0,1,,,,,,,0,2,,,0,3,,,0,1,,,0,3,,,,,,,0,2,,,,,0,1,0,1,0,2,,,,,,,,,,,0,3,1,Sooooo long. 
R_1jqehbgCHvRTiaa,2016-03-15 3:17,2016-03-15 3:17,dC92XDi5WvMMhu33h,0,3,,,,,,,0,2,,,0,1,,,0,3,,,0,1,,,,,,,0,2,,,,,0,3,0,1,,,,,,,0,2,,,,,0,3,0,1,,,,,,,0,2,,,,,0,1,0,3,,,,,,,0,2,,,1,
R_RrAAfinCR6igPi9,2016-03-15 4:38,2016-03-15 4:40,jFJJMNpjqg3TTB3vH,0,2,0,1,,,,,,,,,,,0,3,,,,,0,2,,,,,0,3,0,1,,,,,,,,,,,0,2,0,3,0,1,,,,,,,,,,,0,2,0,3,0,1,,,0,2,0,1,,,,,,,,,0,3,,,1,Thanks
