V1,uid,Q15,Q16,Q17,Q18,Q19,Q20,Q21,Q22,Q23,Q24,Q25,Q26,Q27,Q28,Q29,Q30,Q31,Q32,Q33,Q34,Q35,Q36,Q37,Q38
ResponseID,uid,"If I am having lunch away from home, I often choose a low-fat option.",I usually avoid eating fried foods.,I usually eat a dessert or pudding if there is one available.,I make sure I eat at least one serving of fruit a day. ,I try to keep my overall fat intake down. ,"If I am buying chips, I often choose a low-fat brand. ",I avoid eating lots of sausages and burgers.,I often buy pastries and cakes. ,I try to keep my overall sugar intake down. ,I make sure I eat at least one serving of vegetables or salad a day. ,Please select the 4th item in the following options. ,"If I am having a dessert at home, I try to have something low in fat. ",I rarely eat takeout meals. ,I try to ensure I eat plenty of fruit and vegetables. ,I often eat sweet snacks between meals. ,I usually eat at least one serving of vegetables (excluding potatoes) or salad with my evening me...,"When I am buying a soft drink, I usually choose a diet drink.","When I put butter or margarine on bread, I usually spread it thinly. ","When I make myself a packed lunch, I usually include some chocolate and/or biscuits.","When I have a snack between meals, I often choose fruit.","Please choose ""True"" in the following options. ","If I am having a dessert or pudding in a restaurant, I usually choose the healthiest one. ",I often have whipped cream on desserts. ,I eat at least three servings of fruit most days. 
R_1psV4yUSuka3DHo,i7HMczRwQwWbacY4R,1,2,1,2,1,2,2,2,1,1,4,2,1,1,1,1,1,2,2,2,3,2,2,2
R_33dlS1W5Ajqe3fI,nHiQccgWtzwKfwxsm,1,1,2,1,1,1,1,2,1,1,3,1,1,1,2,1,3,3,3,1,3,1,2,2
R_1poOmLxcaAF1Lt9,PxZYxaGdJhcnoWWsT,1,1,2,2,1,3,1,2,1,1,4,2,1,1,2,1,3,2,3,2,3,2,2,2
R_1hy7rr332eCKy3r,DW37WiLZena9WDYfN,2,2,2,2,2,3,2,2,2,1,4,2,1,2,1,1,3,2,1,2,3,3,2,2
R_2bWwXDWA0gnz8Ab,A8Cj2fKdNtZJqYLwh,2,1,2,1,1,2,1,2,1,1,4,1,2,1,2,1,2,1,2,2,3,2,2,2
R_1r2JbfHDoyEJSNJ,F3ZWcZX7ARkhPJmRW,2,1,1,1,1,1,1,1,1,2,4,2,2,1,1,1,3,3,2,1,3,2,2,1
R_2SH8ZEauHbUApk5,9bSZGxpzwYt8Zz8Kx,1,1,1,1,1,2,1,2,1,1,4,2,2,1,1,1,2,1,2,2,3,2,2,1
R_2fdq8cY0coFAdHR,peZip3nZ25pQ4ism4,2,2,2,2,1,1,1,2,2,1,4,1,2,2,2,1,3,2,2,2,3,2,1,2
R_28AjmxGOoSJAAUH,hFMehFgYKLkcpyuQ9,1,1,2,1,1,2,1,2,1,1,4,2,2,1,2,1,3,3,2,1,3,3,1,2
R_TwtRlKJZKUpoxZT,GL2hudNdtRviGrbv6,2,2,1,2,2,2,2,2,2,2,4,2,2,2,1,2,1,2,3,2,3,2,2,2
R_3pt1YqK7txeM5tF,YiHmJ4qLbxiwyjMFd,1,2,1,1,2,1,1,2,1,1,4,1,2,1,1,2,3,3,3,1,3,2,2,1
R_2Et7aqbfxGOeUIE,Xyy2u4fX5w8ZXBK3y,1,1,2,1,1,3,1,2,1,1,4,2,1,1,2,1,3,3,2,1,3,2,2,2
R_3lDqplMEjcY0XLL,qHfPbdZH5ooEhRGj5,1,1,2,1,1,2,1,2,1,1,4,3,1,1,1,1,2,1,2,1,3,2,2,1
R_d5QRzEEDxhrCTKN,idBwv2cHpmaynrZhD,2,2,2,2,2,2,2,1,2,2,4,2,2,2,2,2,3,2,2,2,3,2,1,2
R_31NUSiM979xWXLW,nXMXFzpgTi4qgwWK6,2,2,2,2,2,1,1,1,1,1,3,2,1,1,1,1,3,2,2,2,2,2,2,2
R_BRHtpBOTt6S56ZX,iw4jvD5va5fnWukXC,2,2,1,1,1,2,1,1,2,1,4,2,2,1,1,1,3,3,3,2,3,2,2,2
R_41QBTB0lEIhVKCt,bvQKD5bRjLyvwCpPy,2,1,1,2,1,2,2,1,1,2,4,2,2,2,2,2,2,1,2,2,3,2,2,2
R_2cqQeJE1TYscLoz,nTjB9cbr4ip2uXa8g,2,2,1,1,2,2,1,2,2,1,4,2,2,1,2,2,3,1,2,1,3,3,2,1
R_3qfisF5cckkZBET,ufYSbrs2puEYHomhr,2,2,1,2,2,2,3,1,2,2,4,2,1,2,1,2,3,3,1,2,3,2,2,2
R_2BlYpBSKJiWjHFk,iNRN7ctrXkwmZQSxt,1,1,1,1,1,1,1,2,1,1,4,2,2,1,2,1,3,1,2,2,3,2,2,2
R_TttYHtrYXjwEOe5,i8NjyEXvuMDxg5nGL,2,1,1,1,1,2,1,2,1,1,4,1,1,1,2,1,3,1,2,1,3,2,2,1
R_qUVXeLtqgpHPyIF,Wxu8k7df9yj4j6573,2,2,2,1,1,2,1,2,1,1,4,1,1,1,2,2,2,1,3,1,3,3,2,2
R_3nAG56Ub7Iaa2nB,8rkTWSowd8QnKYkrE,2,2,2,2,2,2,3,2,2,2,4,2,1,2,1,2,2,1,2,1,3,2,2,2
R_73wr0yXdua24YHT,m3PpL6WcoykRyE6pm,2,2,1,2,1,1,1,2,1,1,4,1,2,1,2,2,1,1,2,2,3,2,2,2
R_6h5XHZrimIhuIDz,c7KXKPxqoFftvbiRo,1,2,2,2,2,2,2,2,2,2,4,2,2,2,2,2,2,2,2,2,3,2,2,2
R_vMuaOQwIj5gmryV,nyhJYddWvp3BB3QQw,2,1,2,1,1,3,1,2,1,2,4,1,1,1,2,1,3,1,3,1,3,2,2,2
R_DHHHXqUAhwFvedr,Go273GW8uicZrCdSD,1,1,2,1,1,3,1,2,1,1,4,1,1,1,1,1,1,1,1,1,3,3,2,1
R_2Y9CXRqRAQiH7SG,qNdyGMJ35buHGrH8S,1,1,2,1,1,2,3,2,1,1,4,1,1,1,2,1,3,1,2,1,3,2,2,1
R_2rj58pPaUu9va5C,Yq2tfTdFxrtJJrtiK,2,2,1,2,2,3,2,1,2,2,4,2,2,2,2,2,3,3,1,2,3,2,1,2
R_3CIooCWi3EpKpc6,MxvzFzxhex6KtCcJv,2,2,2,2,1,2,1,2,1,1,4,1,1,2,2,1,3,1,3,1,3,2,2,2
R_Q69KPdBjpF9AYud,nn9r35Fnm3dt4Mwac,2,2,2,1,2,2,1,2,2,1,4,2,2,1,2,1,3,2,2,1,3,2,1,1
R_AGpN7tibmUz8ocp,B2ZCZF78M52DaYdRe,2,1,2,2,1,3,2,2,1,1,4,2,2,1,1,2,2,3,2,2,3,1,2,2
R_DxjPLt1RYjhSlix,qBC3M3KQn9vNCcPqE,2,1,2,1,1,3,1,2,1,1,4,3,1,2,1,2,3,3,3,2,3,3,3,2
R_cLKWTB2EYl6natr,q4HPxfuFegecSLdDp,2,2,1,1,1,1,2,1,1,1,4,2,2,1,1,1,2,2,2,1,3,2,2,2
R_2TZ8GePC44SKtbN,R7dYKeoHCd6LvxxqK,1,1,1,1,1,1,1,2,1,1,4,2,1,1,1,1,3,3,2,1,3,2,1,1
R_27mwV8PtihzbH3J,yZoeMgzGtaMeqaFnP,2,2,1,1,2,3,1,2,1,1,4,3,2,1,2,1,3,1,2,1,3,2,2,2
R_3NyNnRr4GZ3VANO,2EaSSMTDRTavgzxWY,2,1,2,1,1,3,2,2,1,1,4,3,2,1,2,1,2,1,2,1,3,2,2,2
R_23ayorbOKTS4RSE,rwmxw6YBuepteyj3w,1,2,1,1,2,2,2,2,1,2,4,2,1,1,2,2,3,2,3,2,3,2,2,2
R_0eLcb8CJxRa3cel,Ka7uwDPR6rD8fmrYq,2,1,1,1,2,1,1,2,1,1,4,1,1,1,1,1,2,1,2,1,3,2,2,2
R_xoapJZ5bvoHPfEd,79cjqjh3rhGT85Z35,2,2,2,1,1,3,2,2,1,1,4,2,1,1,2,1,1,1,2,2,3,2,2,1
R_2s1G7aP2YLTMods,wtSLbuDzbcFjvfDEf,2,2,1,2,2,2,2,1,2,2,4,2,2,1,1,2,2,2,1,2,3,2,1,2
R_RWw8Vm8S2jaWdhf,4XvrqMb3rbAWjM9KP,2,2,2,1,2,2,1,2,1,1,4,3,2,1,2,1,3,3,2,1,3,3,3,1
R_27vNTr1wIdm3J8A,tyLjuwcbAbuazEQiG,2,2,2,1,2,2,1,2,1,1,4,3,2,1,2,1,3,3,2,1,3,3,3,1
R_2tb3xMjHGCRU4UO,7xRX2G4qmuJFFpSPC,2,1,1,2,1,2,1,2,1,1,4,2,2,1,2,1,3,1,3,2,3,2,1,2
R_2rPh2nDMxtVY5fV,u469QjCESYfQpGHJC,2,1,1,1,2,2,2,1,2,1,4,2,1,1,2,2,1,2,3,2,3,2,1,2
R_3fOwk1XgowL0wu7,EsvySo9AtybDSYAs8,1,1,2,1,1,1,3,2,1,1,4,1,2,1,1,1,3,3,2,1,3,2,2,2
R_27fKtjMFCwuEExh,JRcAvo7ghDwhDZL84,1,1,2,1,1,3,3,2,1,1,4,2,2,1,2,1,1,3,2,1,3,3,2,2
R_1kLxGNwRpwAG0GF,MrGZ6mh63fudmqYDf,1,1,2,1,2,2,1,2,1,1,4,2,1,1,2,1,1,1,3,1,3,1,2,2
R_1mlPbkJo7cPGxhh,Lcmknpky6pFHN3tQu,1,2,1,1,1,2,2,2,2,1,4,1,2,1,1,1,2,2,1,2,3,1,1,2
R_3kdr5wUY5Twsy2d,5bASBojyYxYwsQXxd,3,2,2,2,2,3,2,1,2,2,4,2,1,2,2,2,1,1,2,2,3,2,2,2
R_bDXiAZdLw9e7nVv,YtSdEqNJzaQeCopij,1,1,2,2,1,2,1,1,1,2,4,1,2,2,1,1,2,1,3,2,3,2,2,2
R_3NFnRYs3EfNHFSe,6SEWxX7BWwdBNKtgP,1,1,1,1,1,1,1,1,1,1,4,1,1,1,2,1,3,3,2,1,3,1,2,2
R_qEpByTlUsXefmkp,AqpMTK8pfa3ZDgCnX,2,2,2,2,2,2,1,2,2,2,4,2,1,1,2,2,2,3,1,1,3,2,2,2
R_es5gsacxwBEnry1,CLtNCJghz2jZqxeK9,2,1,2,1,1,1,2,2,2,2,4,1,1,1,1,2,2,1,1,1,3,1,2,1
R_rlMCDH1s1OLrwQx,MyrQHPY3F4WLXmc5X,2,2,2,1,2,2,2,2,2,1,4,2,1,1,2,1,1,1,2,2,3,2,2,2
R_C7yd5ybhBLV6bst,9X4XtGJ2vhBNdtk2Y,2,1,1,1,1,2,1,2,1,1,4,3,1,1,2,2,2,3,2,1,3,2,2,2
R_2dQscmcVt68fGHR,z3zTMtRhkLDei8wuP,1,1,1,1,1,3,1,1,2,1,4,2,1,1,1,1,3,1,2,2,3,2,2,2
R_DVw4uVUqI3xblnj,5rJpwf7T6hoMg7kJL,1,2,1,1,1,2,1,1,1,1,4,1,1,2,1,1,3,1,1,1,3,1,1,2
R_1MZcUplfLow235M,YGJd65DmqYzQazNgB,2,2,1,2,2,2,2,1,2,2,4,2,2,1,1,2,2,3,1,1,3,2,2,2
R_1AAZRQ2p0KqUTo5,fhuLXXHqMQ5d8rDAn,2,2,1,2,2,2,2,2,2,2,4,2,2,2,1,2,1,1,2,2,3,2,2,2
R_2XijqCWGyeDVxon,QmvwaSmSW9vegKCLm,2,2,1,1,2,2,2,2,2,1,3,2,2,1,2,2,2,2,3,1,3,2,2,2
R_3Hk1mfnmUCK18ZM,u4ij2RsfoD2QLvBEb,1,1,2,1,1,1,1,2,1,1,4,1,1,1,1,1,2,1,2,1,3,2,2,2
R_3h4TqZEhRzXqzOc,AwhQeCLDxEyvjTy3X,2,1,2,1,1,2,2,2,2,2,4,2,2,1,2,2,2,3,3,1,3,2,2,2
R_2eXLyZ8UkGn1Fdz,43rAun7MweDZDbiR5,3,2,2,2,2,3,3,2,2,2,5,3,2,2,2,2,3,3,3,3,3,3,3,2
R_3oKOVkr6un0yZZC,YM8venxunpNq9B2xq,2,2,1,2,2,2,2,2,2,2,4,2,1,2,1,1,2,3,3,1,3,2,2,2
R_3rZekg4OUz0E2xj,bgy5jAMHTgznc4ux5,1,1,1,1,1,3,3,2,1,1,4,1,1,1,2,1,3,3,2,1,3,2,2,1
R_1Ibhq6YoG2hOGIC,no24mX6RndnhrbK2G,1,2,1,1,1,1,2,1,1,1,4,2,1,1,1,1,2,1,1,1,3,2,1,2
R_22V0IFluVEF5oj8,Bpj4sGSnkFdkCCxNf,2,1,1,2,2,2,1,1,1,2,4,2,1,2,2,2,2,1,2,2,3,2,2,2
R_1k05MKQVgqk9w0r,RjQgyeCowSqTymhY8,2,2,2,2,2,2,1,2,2,2,4,2,1,2,2,2,2,2,2,2,3,2,2,2
R_2tDJMupJIFME11U,rkKJDqbWkYmKu7exF,2,2,2,2,2,2,1,2,2,2,4,2,2,2,2,2,2,2,2,2,3,2,2,2
R_3ELmiLuHX18sgit,ptvCG2FEvcGE6NwA6,1,1,1,1,1,1,1,2,1,1,5,1,2,1,1,1,2,1,2,1,1,1,1,1
R_1NCUMaMc3Xle5rL,b3JmtzQJQgAcnZnYE,2,2,2,1,1,1,3,2,1,1,4,2,2,1,1,1,3,1,1,1,3,1,2,2
R_USGefY0btj7njEZ,6A43r9ZERAEEDbZ8E,1,1,2,2,1,1,1,2,1,1,4,1,1,1,2,1,2,3,2,1,3,2,2,2
R_2vcuhMFZMIBnyZL,XAgek4Txgcr6zNhkX,2,2,1,2,1,2,2,2,2,2,4,2,2,1,2,2,3,2,2,2,3,2,2,2
R_2QLHiOZBZ57rsGZ,dBkvJWWnppXkwvRnw,1,2,2,1,1,3,3,2,2,1,4,3,2,1,2,1,3,2,2,1,3,2,2,2
R_3P4WlKO6yuW4aao,2HF6FqEczphrX2Bid,2,2,1,2,1,2,2,1,2,2,4,2,1,2,1,2,2,2,2,2,3,2,2,2
R_daH1EycRhEiqqEF,XgZraYjGuDarzP3r7,2,2,2,2,2,2,2,2,2,2,4,2,2,2,2,2,3,3,2,2,3,2,2,2
R_1er6i2CehGC13XS,PqWLTxemD9c69esfF,2,1,1,1,2,3,1,2,1,1,4,1,1,1,2,1,3,2,2,1,3,2,2,2
R_3CHI7UdRQNMcsjb,za7LyLyEjai9LEXHc,1,1,1,2,1,3,2,2,1,2,4,2,2,2,1,2,1,2,1,2,3,2,1,2
R_3PhI4yrrqTZ3UWf,PmfEWQEeSM8RQm9sL,3,1,2,1,2,2,1,2,1,1,4,2,1,1,2,1,2,3,1,2,3,3,2,2
R_2dYcuFxSLYQqXcm,wZbv3M3dFcDzAi36e,1,2,2,1,2,1,2,2,1,1,4,1,1,1,2,1,1,1,3,1,3,2,2,1
R_3ptCEJeMvC1CfdK,LpifnQpyoAC96S573,1,1,2,1,1,1,1,2,1,1,4,3,1,1,2,1,3,1,2,1,3,3,3,1
R_3kkadCM16t2VaDe,pnco6QuR9SNdHu77x,2,1,1,1,1,3,2,1,2,1,4,2,2,1,1,1,2,1,3,2,3,2,2,2
R_1jNbkQNzeSaPuVA,xnnYT3aWf6eE4Q6y9,2,1,1,1,1,1,1,2,1,1,1,1,2,1,2,1,1,3,3,2,3,3,2,2
R_1PYutJJTeRznuvy,NLM74X7BawyDFny4v,1,2,2,1,2,1,2,2,1,1,4,1,2,1,2,1,1,1,2,1,3,2,2,1
R_1QuUrIyIm1V0pOx,DyGdnuktRvCnzAwJi,1,2,2,1,1,2,2,1,2,1,4,2,2,1,1,1,2,1,3,1,3,2,2,2
R_1rOEOkmMIceuIDV,XCDm5KKWWLKo82ig8,2,2,2,2,2,2,2,2,2,2,4,2,2,2,2,2,1,3,2,2,3,3,2,2
R_3nq1QYLdnhINJXH,usYEPKufrajuNF47i,2,2,2,1,1,1,2,2,1,1,4,2,2,1,2,1,3,1,2,2,3,2,2,2
R_1NbuFIjXF1oc0Ht,K3ZMCWFyEZDHrTyJs,2,1,2,1,1,2,1,2,1,1,4,3,1,1,2,1,3,3,3,2,3,3,3,1
R_tGqIT1D2LZVzemJ,9n5EpvJB2WfCAocg2,1,1,2,1,1,2,1,2,1,1,4,1,1,1,2,1,3,1,2,1,3,2,2,1
R_BKyjRhmowBnZ2KZ,8RWtRBznZwaQXtTjy,1,1,2,2,1,1,3,2,1,1,2,1,2,1,2,1,3,3,2,1,3,1,3,1
R_3hASGgeFNBYAqYz,7pCqtPS3WupS8an42,2,2,1,1,2,2,1,2,1,1,4,1,1,1,2,1,2,1,1,2,3,2,2,2
R_3Mor4VYWXQhQ4l6,HzyJf3ecpepyFffL9,2,1,2,2,2,2,1,2,1,1,4,2,2,1,2,1,3,3,2,1,3,2,2,2
R_ukxi7NtdkzYYaFX,TYLSC3JKidf2ijqLa,1,1,2,1,1,1,1,2,1,1,4,1,2,1,1,1,3,3,1,1,3,1,2,2
R_3jeeguNVEDXapFu,RMo96PZASrs7J7ShD,1,1,1,1,1,3,1,2,1,1,4,2,2,1,1,1,3,1,2,2,3,2,2,2
R_5jw5d4vDevHXJHX,zr6MbzW9igA4q3Bpk,1,2,2,2,2,2,1,2,2,2,4,3,1,2,1,2,2,3,3,2,3,3,2,2
R_2VDB4lySMyTuiXH,8AFCu9YsQmR2WDkrk,2,1,2,1,1,2,1,2,1,1,4,2,2,1,2,1,3,2,2,1,3,2,2,1
R_1qU3L89aBQqGLzy,FK4Hu9RZqcpEHNEsT,1,1,2,2,1,1,1,2,1,1,4,1,1,1,2,1,1,2,2,2,3,2,2,2
R_1jDhtKM3AN6YCxI,kzsfFDBTiA8Hm5zG8,1,1,2,1,1,1,1,2,1,1,4,1,2,1,1,2,3,1,3,1,3,3,2,2
R_10qPx3tOzcEtsxX,zBGtTaoT9NXXoiDCo,1,1,1,1,1,2,2,2,2,2,4,2,2,1,1,1,3,1,1,1,3,2,2,2
R_28GniXsxi8QiVsR,5FeAYE9ht2bBCK8Lk,1,2,1,1,1,3,1,1,1,1,4,2,2,1,1,1,3,1,3,2,3,2,2,2
R_06tqYREUkh3ci1r,ppT2KoixinaKc9zLD,2,2,2,1,1,2,2,2,2,1,4,2,2,1,2,1,2,3,3,1,3,2,2,2
R_2VI9rC1EV7inPIQ,J2cummHqPe6hMCzQa,2,1,2,1,1,2,1,1,1,1,4,1,2,1,1,1,3,1,1,2,3,2,2,2
R_1GJhpZgOnUpGOHl,TmShwF9bwp277DCmb,1,2,1,2,2,2,1,2,1,2,4,1,2,1,1,2,3,2,2,1,3,2,1,2
R_2D79MOsgAMCNoL8,XXfq2mbXgiwoevAzb,2,1,1,1,2,2,2,1,2,1,4,2,1,1,1,1,3,2,2,1,3,2,2,2
R_bBmimbEDQ0HcQjn,dnjt4zkQjoZRiipyw,1,2,2,1,1,2,2,1,1,1,4,2,2,1,2,1,2,3,2,1,3,2,2,1
R_3FR1VhS8qIJWQYN,A4p7aBR98rJFBJaEL,2,2,2,1,1,2,2,2,1,1,4,2,2,1,2,1,3,1,3,1,3,3,3,1
R_24u4qhJYuvyF8NY,BefdwBcYMvaHfGgwn,1,1,1,1,1,1,1,1,1,1,4,1,1,1,1,1,1,1,2,1,3,1,1,1
R_3nVQVsWyZmn6X7i,oD7a6GFkarvp84PRt,1,2,2,1,1,1,2,2,1,1,4,1,2,1,2,1,2,2,2,2,3,2,2,2
R_2Xjnnl0FibRFDKp,trErkp8jGhzNAdEsC,2,2,1,2,2,2,2,1,2,2,4,2,2,2,1,2,2,2,2,2,3,2,1,2
R_3fJd5YhibjAPsQm,Mm6MWtLtqb5mDhSje,2,2,2,2,2,2,2,2,2,2,4,2,2,2,1,2,1,3,3,2,3,3,3,2
R_2xJc9pOyaNM73EW,fQW4FvoD7YJtY65Xj,1,1,2,1,1,3,1,2,1,1,4,1,1,1,2,1,3,3,2,1,3,1,3,1
R_10YllqqeoW2OWsK,XjQr98bXFF7M3ndcy,2,2,2,2,2,2,2,2,2,2,4,2,2,2,1,2,3,1,3,2,3,2,2,2
R_24GibMj7Hwz2JD3,5TdrRvXeviEEB2782,2,1,2,2,1,2,1,2,1,2,4,3,1,1,2,1,3,2,2,2,3,3,2,2
R_1mfQEFchI5d5TfM,ozofPi8aj5tyaT4eg,1,1,2,1,1,2,1,2,1,1,4,3,2,1,2,1,1,1,2,1,3,3,3,2
R_2fjlqnrMqPK2iH0,gouSf322Wfbff39Ry,1,1,2,1,1,3,1,2,1,1,4,3,2,1,2,1,2,3,2,2,1,3,2,1
R_3fpZk5sbmAxLmqM,zHSLFZ2ThvDD5HYzx,2,2,1,1,1,2,2,1,1,1,4,2,2,1,2,1,1,2,1,2,3,2,1,2
R_3elbhk8P8XyDc3Y,CSbZRefTecFom3aXS,2,1,2,2,2,2,2,2,2,2,4,2,2,2,2,2,3,2,2,2,3,2,2,2
R_3EQfK0lDnP5cztn,nxAYw9WDEpZEActyW,2,1,2,1,2,2,2,2,1,1,4,2,1,1,2,1,3,3,2,2,3,2,1,2
R_2DTV8GJM2suuAnk,sRnsZm6AXGfuFXaBL,2,2,1,1,2,2,2,1,2,1,4,2,1,1,1,1,3,2,1,1,3,2,1,1
R_33B8zFgrvzLeo2s,EK5MKqzgwbKp4H3b3,2,2,2,1,1,1,1,2,1,1,4,1,2,1,1,1,1,1,2,1,3,2,2,1
R_1rPK4CP0NDN1MLE,qgdrKE9jGNxfQQS8Z,2,1,1,1,1,1,1,2,1,1,4,1,2,1,2,1,1,1,2,1,3,1,2,2
R_3ltvlxNfj2HRgRo,7WepedTffMwj4827y,2,1,2,2,2,3,2,2,2,2,4,2,2,1,1,1,3,2,2,1,3,2,2,2
R_3OlbJarCb3lEqr6,qXjSPCjisfJ95eEvt,2,2,2,1,2,2,2,2,1,1,4,2,2,1,2,1,3,2,2,2,3,2,1,2
R_2RXh5A068wggE2T,rzgwdpdiJDSxYGZnA,2,2,2,2,1,1,1,2,1,2,4,2,2,1,2,2,2,1,2,1,3,2,2,2
R_2SCSHU0O8Q4qj0s,yQZ2EpSJ96cnxs6xe,2,2,2,2,2,2,2,2,2,2,4,2,2,2,1,2,1,3,3,2,3,3,3,2
R_dpaye8APB8GPTjj,J4zEKsDmhBZRemQxx,1,1,1,2,1,1,1,2,1,1,4,1,1,1,2,1,2,1,2,1,3,1,2,2
R_2rjW7cetYhYi2GV,L4YKzb3s57NWd6NAv,1,1,2,1,1,2,2,2,1,1,4,2,1,1,2,1,1,1,3,3,3,2,2,2
R_1fmhesZ5QCDNrBI,H4f5GuygEFHZk35Nx,1,2,1,2,2,2,2,2,2,2,4,2,1,1,1,1,2,2,3,2,3,2,1,2
R_6Lu9iJBy3i8w0dH,3Scv4Lh7AfesJPwhd,2,2,2,2,2,2,2,2,1,2,4,3,1,1,1,2,3,3,2,2,3,3,2,2
R_1oGbGLXQnuCbG3v,eBK9ZbEMsYZr4qvN5,2,1,2,2,1,1,1,2,1,1,4,1,1,1,2,1,2,1,2,1,3,1,2,2
R_2YP6ESL0A9vdiEF,3JMeDjgsrTwoAgacu,2,2,1,2,2,2,2,2,1,1,4,2,1,1,1,1,2,1,1,1,3,1,1,2
R_2rknRwfbb7MaBsl,KM8aPtzLYKjy9Wd6r,2,2,2,2,2,2,1,2,2,2,4,3,2,2,1,2,2,1,2,2,3,3,3,2
R_1pT1Qtll0XesLCu,BynvkWSwo2taRoXrX,2,2,1,2,2,2,2,2,2,2,4,2,2,2,2,2,2,2,2,2,3,2,2,2
R_265yGcYIfUb8LRq,Wsfum3agWhXQX8CXx,1,1,2,1,1,3,1,2,1,1,4,1,1,1,2,1,1,3,2,1,3,2,2,2
R_2PArswLpVhhFCf8,wLGnCDxPy8oExZXAx,2,1,2,1,1,2,2,2,1,1,4,1,1,1,2,1,1,1,2,1,3,1,1,1
R_331KwvDFAaa1cHf,Zni6Soax4z3GW8Df2,1,2,1,2,2,2,2,1,2,2,4,2,2,2,1,2,2,2,1,2,3,2,1,2
R_uelI7mDL8rgY4Fj,Q8rabz9pmuEnvSaoN,2,1,2,2,1,3,1,2,1,2,4,3,2,2,2,2,3,1,3,2,3,2,2,2
R_d7on9dEzUOKmQh7,MXzThn8PokRb4ock5,1,1,1,1,1,2,1,1,1,1,4,1,2,1,2,1,2,1,2,1,3,2,2,1
R_NWpYrWklsATDcNb,XEFQSfMA4Np9cuPw7,2,2,2,1,2,2,2,1,2,1,4,2,2,1,2,1,2,1,1,1,3,2,2,2
R_1n2dSc1Diog58HU,db7vBSrm7682SAdgu,2,2,2,1,2,2,2,2,1,2,4,2,2,1,2,2,2,1,2,1,3,2,2,2
R_2cduzEdfvL7LB7R,qTogdieYhMcvruSAz,1,1,2,1,1,1,1,2,1,1,4,1,1,1,2,1,1,1,2,1,3,1,2,1
R_1o6Fiwn5cqj0oE9,z5RvEc5BoDxBiH3iy,1,1,2,1,1,1,1,2,1,1,4,1,2,1,2,1,3,1,2,1,3,1,2,1
R_1rGOS2fezJZlE4B,kr7Pu2RZwAfTs2CKX,1,1,2,1,1,1,1,2,1,1,4,1,1,1,2,1,3,1,2,2,3,2,2,2
R_1ewW1Yzh6RsfvqW,KhryLZQ5TvoZre7Wq,2,2,2,1,1,1,1,2,2,1,4,1,2,1,2,1,2,1,1,2,3,1,2,2
R_2PzjUUnJN2RK7Lm,ZB5o3tfWNxeqjrk9A,2,2,2,2,1,3,2,2,1,2,4,3,2,2,1,2,2,2,2,2,3,3,3,2
R_2ASyE6ZEXNkiaTy,SPtAAc7NJbzx6HGnv,1,1,2,1,1,1,1,2,1,1,4,2,1,1,2,1,1,1,2,1,3,2,2,1
R_2XbQtTwzgV6rUcI,RiaXcXZD8EMe3D675,1,1,2,1,1,1,1,2,1,1,4,2,1,1,2,1,1,1,2,1,3,2,2,2
R_2txs8EGUZm6SSQ2,WWN5DFC5NTCBf5mzm,2,2,2,2,1,2,1,2,1,1,4,1,1,1,2,1,1,3,2,2,3,1,2,2
R_2YJtbLT2hRYhT4n,cLfpHqBMQyBqJmqZN,2,2,2,1,1,2,2,2,1,1,4,3,1,1,2,1,1,1,2,2,3,2,2,2
R_3PLgvKrM0wPtM5y,RRGteZxa2sZLjy7tF,2,2,1,1,1,2,1,2,1,1,4,2,2,1,1,1,2,1,2,2,3,2,2,2
R_2v2CqtoaK22Nk7i,kErKZoNcgLDEQLh9h,1,1,2,1,1,1,1,2,1,1,4,1,1,1,2,1,3,3,2,2,3,1,2,2
R_0oYZJgh5tgXzeUN,ANpFmJSXtcMZLsKb7,1,1,2,1,1,2,1,1,1,1,4,2,1,1,2,1,3,1,2,1,3,2,2,1
R_2UfsbtfmeSl0wZi,MWawPm7rihwQdSfEc,2,1,2,2,2,2,1,2,2,1,4,2,1,1,1,1,2,2,2,2,3,2,2,2
R_2rw5MjtRBWZr3rN,CpCwPvRPuXbcP6cz2,1,1,2,1,1,3,1,2,1,1,4,1,1,1,2,1,3,2,2,1,3,2,2,2
R_2wFt3fo5ldPmJ0k,wGaSKjvm4o49LhLrg,2,2,2,1,1,2,1,2,1,1,4,2,1,1,2,1,1,1,2,1,3,3,2,2
R_24Ga4fh9g2cPVxm,4KFh6N3nNwuJAz9bM,1,2,2,1,1,1,1,2,1,1,4,3,2,1,2,1,2,1,2,1,3,1,2,2
R_2bGqvwQ2ek8KLaJ,2EXM3D2Y33A7MB3o7,2,1,2,1,1,2,3,2,1,1,4,3,1,1,2,1,2,2,2,3,3,3,3,1
R_12beJOCikCMsS5r,xPohAATJY45H5Nmhy,3,2,2,1,2,2,2,2,1,1,4,2,1,1,2,1,2,2,2,3,3,2,2,1
R_25TrHqgFNs4z3W9,MLNEv85tZLCBBPkBJ,2,2,1,1,2,3,2,2,1,1,4,1,2,1,2,1,1,1,3,1,3,2,1,2
R_1OxdLMZxksCqUjZ,yqvi6AycizdfMW67J,2,2,2,2,2,2,2,2,2,2,4,2,2,2,1,2,2,2,2,2,3,2,2,2
R_2D65hxyxZGBokzi,GBR5Ti7uHcvswPGew,2,1,1,2,1,2,1,2,1,1,4,2,1,1,2,1,2,3,3,2,3,2,2,2
R_1CdO79jrlQWkzI5,2sTmttj6NkHQFsJLd,1,2,2,2,2,1,2,2,2,2,4,2,2,2,2,2,1,3,2,2,3,2,3,2
R_Zy0tTcdsj0Dsb3r,xM423TEd4E3xpgssf,1,1,1,1,1,2,2,2,1,1,4,3,1,1,2,1,2,3,3,1,3,2,2,2
R_1I7byGVP1c2SurW,JJ5EnHryZ8c2oGQCB,1,1,2,1,1,1,1,2,1,1,4,1,1,1,2,1,3,1,2,1,3,1,2,1
R_WlK5Q77mgN5gCBj,n57DFjukqiJmSHEDQ,2,1,2,1,1,3,1,2,1,1,4,1,1,1,2,1,1,2,2,1,3,3,3,2
R_273wkyxpoXdXZP2,DjhvjjCAx4ASj2o8R,2,2,1,1,1,2,2,1,1,1,4,2,2,1,1,1,1,2,2,2,3,2,1,2
R_24Cc9wMIKMc0ICY,zsJhRyaRoAYMth497,2,1,1,1,1,3,2,1,2,1,4,2,2,1,2,1,1,1,2,1,3,2,2,1
R_BKACRX7ULhD1cJP,SJfYbZhnHTBay5yyX,2,2,2,2,1,1,1,2,1,1,4,1,1,1,2,1,1,1,2,2,3,2,2,2
R_1OAXAL2rDyUWgHD,L9LpdeQFGzvFngGYS,3,2,1,1,1,1,1,2,1,1,4,2,1,1,1,1,1,1,2,1,3,2,2,1
R_ABrpmPzG5oM4fRv,qifugRh7PhFJPpCmX,2,2,2,1,2,2,2,2,1,1,4,2,2,1,1,1,1,2,2,1,3,2,2,1
R_2eVdCLRPFHJS61m,cWth44wpGS4qP2Yub,2,1,2,2,1,3,1,2,1,1,4,1,1,1,2,1,3,1,3,2,3,1,1,2
R_1GK3KfoIobQPTKE,uHwSGkE8yothku3Pp,1,1,2,1,1,3,2,1,1,1,4,3,1,1,2,1,1,1,2,1,3,1,3,2
R_3Lin9ZBKR81MIxb,RaYmHiYD8f6gFQQ7b,2,1,2,1,2,2,1,2,1,1,4,2,1,1,2,1,2,1,2,1,3,2,2,1
R_Y5NjoNNjkwGPfDr,cSZYtAZP8JYGj5YJm,2,2,2,2,2,2,2,2,1,1,4,2,1,1,2,1,1,3,2,2,3,3,3,2
R_3M39SppoPAPNmW3,E3NcHz7W573rHYeyY,1,1,2,1,1,1,1,2,1,1,4,1,1,1,2,1,3,3,2,1,3,1,2,1
R_1HUjBrxI92Rud33,KgZMYh23LzaJQn9xQ,1,1,2,2,1,2,1,2,1,1,4,3,1,1,2,1,3,1,2,2,3,3,3,2
R_3R8dmZCymqJE3mE,TRHpDyjtFJ4Bf98dL,1,1,2,1,1,1,1,2,2,1,4,1,1,1,2,1,1,1,2,1,3,1,1,1
R_cTSMhg9AaxTnEU9,XsvK4NT3Nh5wjR8En,2,1,2,1,1,3,1,2,1,1,4,3,1,1,2,1,3,1,2,1,3,3,3,1
R_21FKglYUdIsDoZz,7Rn59QWiRLMAcySTj,1,2,2,1,1,1,2,2,1,1,4,1,1,1,1,1,2,1,1,2,1,3,2,2
R_a8W7QqPrD1v4Y5X,oWHGBei3dY4SjyLpw,2,2,2,1,2,2,1,1,2,1,4,2,1,1,1,1,2,1,1,2,3,2,2,2
R_2WOMLebZsSQUhl8,vHTKf9kPuCEvY8Fb8,1,1,2,1,1,1,1,2,1,1,4,1,2,1,1,1,3,1,1,1,3,1,2,1
R_2PARpJmGK0poNOU,ZNHoLFfThXn3dxpiE,1,1,2,1,1,1,1,2,1,1,4,1,2,1,2,1,3,1,3,1,3,1,2,1
R_2qt11A6KNNh4fmP,NvQHkQfCNThsLfjfy,2,2,2,1,2,2,2,2,1,2,4,2,2,1,2,1,3,2,3,1,3,2,1,2
R_PBccXiObWbCCHQZ,8nBmn9tiXEPEpabJq,2,2,1,2,2,2,2,1,2,2,4,2,2,2,1,2,1,2,1,2,3,2,1,2
R_1Q9tnhc7ZcUb1Ci,bWNtxPkGd8xNqDf2H,1,1,2,1,1,1,1,2,1,1,4,1,1,1,2,1,1,3,2,1,3,3,2,1
R_tPSrXCwjwMqL9XX,Af6EwezJnoFReEpua,3,2,2,2,2,2,2,2,2,2,4,2,1,2,1,2,3,3,3,2,3,3,2,2
R_1jy0S4ctImUBxSY,BNHYtgF3y6oE5Z7KQ,2,2,2,2,2,2,2,2,1,2,4,3,1,1,2,1,3,1,3,2,3,2,3,2
R_2RUQFCmsQRopDOs,yYx4x55HrFLHFahMb,2,2,1,1,1,1,2,2,2,1,4,2,1,1,2,1,2,1,2,2,3,2,1,2
R_3EiiU86zmQva0Qj,5eAZsM6sSPgLp2AGc,2,2,2,1,1,1,2,2,1,1,4,1,1,1,2,1,2,1,2,2,3,2,2,2
R_3h3CHbEKYwOi9Ks,MYDbh5c4b3ziMKmbt,2,2,1,1,2,2,1,2,1,1,4,2,2,1,1,1,1,1,2,1,3,2,2,1
R_32IWOeLFg4Am5ql,QzQ7qWvZvRxG3DTiQ,2,2,1,1,1,2,2,2,1,1,4,2,1,1,1,1,3,3,1,1,3,2,2,1
R_9poWYTeTUP4iFVf,MA2uPdyzNp9BQAqer,2,2,2,2,1,2,2,2,2,2,4,2,2,2,2,2,2,1,2,2,3,2,2,2
R_1jv5zfFaaOSWj1e,JzmhwhLyzer2RAe6v,1,1,1,1,1,2,1,2,1,1,4,2,1,1,2,1,3,1,2,1,3,2,2,2
R_2RWVL8wZIkLfZC2,udy3MprwBQ5HiyMCT,1,1,2,2,1,1,1,2,1,1,4,1,1,1,2,1,3,3,3,2,3,1,3,2
R_1I6HbizbMNpxdPI,QFG552t36L3EZH7Jy,1,1,1,1,1,1,1,2,1,1,4,1,1,1,2,1,1,1,2,1,3,3,2,2
R_3MQmzObPUTwIWD0,pJmeMQeWgG5t6W9qP,1,1,2,1,1,3,1,2,1,1,4,1,1,1,2,1,1,1,2,1,3,1,2,2
R_1hVWA5ClkKnHNaC,ShADd3RgtYRfwa2MZ,2,2,1,1,2,2,2,2,1,1,4,2,1,1,1,1,1,1,3,2,3,2,2,2
R_Rf9iRfnIqPLRF17,jDE43c8DM6a8vfhLt,2,1,2,1,1,2,2,2,1,1,4,1,1,1,2,1,1,1,2,2,3,2,2,2
R_1onjal96fq89ySk,LcANkd9aNJ5k5m36D,2,1,1,1,2,2,1,2,2,1,4,2,1,1,1,1,2,1,1,2,3,2,2,2
R_1QXbT7wosW7MhKV,btruDZRTdLHpSMw8Z,2,2,2,1,2,2,2,2,2,1,4,2,2,1,1,1,2,2,2,1,3,2,2,2
R_3M39OhMvaWo4bOF,kfECEEcmNpeJczEMF,1,1,2,1,1,1,1,2,2,1,4,1,1,1,1,1,2,1,2,1,3,1,2,1
R_3nOA7h4RrTqfbEc,k3GpWCr7PFT6C8hp7,2,2,2,2,2,2,2,2,1,2,4,2,2,2,2,2,2,1,2,2,3,2,1,2
R_3HYLJadAfC6a32z,naXyBAkcHQnvmWAq2,2,2,2,2,2,3,2,2,2,2,4,2,2,2,1,2,2,3,2,2,3,2,2,2
R_prQM0eNwpJlzlSh,AQxTawn2raLNgqZ3P,2,2,1,1,2,2,1,2,2,1,4,2,2,1,2,2,1,1,1,2,3,2,2,2
R_wMHsIKIMJoy67oR,5myTGNQJvs2WKRHzh,1,1,2,1,1,2,1,2,1,1,4,3,1,1,2,1,3,3,2,1,3,3,2,1
R_2ScvbedYE8oE3cr,65rkkh9mvCWJswXdW,1,1,1,1,1,1,1,2,2,1,4,1,1,1,1,1,1,1,2,1,3,2,1,2
R_30jiq2sMUkOvud9,DE4yEJwaXQHEzKcQa,2,2,2,2,2,2,2,2,2,2,4,2,1,2,2,1,3,1,2,2,3,1,2,2
R_20P8y2DCuWIN5vV,uiWHRDoF5BGb4wL2S,1,1,2,1,1,1,1,2,1,1,4,1,2,1,2,1,3,3,2,2,3,1,2,2
R_3Gy8p5GrSwSyTvK,gMminThzBtZJ7uSsx,1,2,2,1,1,1,1,2,1,1,4,1,2,1,2,1,1,1,2,1,3,1,2,1
R_2zl1i0uADz2qDcj,eCXK2ArfS3criAJTB,1,1,1,2,2,2,1,2,2,2,4,2,2,2,2,2,2,2,2,2,3,2,2,2
R_x6glXcQEQmrLpyV,qSx3DCWftYj2wsCyv,2,2,2,2,2,2,2,2,1,2,4,2,1,2,1,1,2,1,1,2,1,2,1,2
R_3NDKWQKbTWxfXAQ,e3qn8csAYTbHfMxkK,2,2,2,2,2,2,1,2,2,2,4,2,1,1,2,1,3,1,2,1,3,2,2,2
R_2VxcpddZMwuxXnT,46jJ5bQRXvenhFmTb,2,2,1,2,2,2,2,1,2,2,4,2,2,2,1,2,2,1,1,2,3,2,1,2
R_2QGycircxsR1jSp,JYCXAYdtPkWscrdLB,1,1,2,2,1,3,1,2,1,1,4,3,2,1,2,1,1,1,3,2,3,3,3,2
R_riOjynoPedRPBYt,47GQnCY9tKY6QcziM,2,2,2,2,2,2,1,2,2,2,4,2,2,2,1,2,3,1,3,2,3,3,2,2
R_1cTfp6D4eHa9Xob,e39vqG226v3BajR5r,2,2,1,1,2,2,2,1,2,1,4,2,2,1,1,1,2,2,2,1,3,2,1,1
R_1g0X4p0HP0CX7Ge,9ywHQR3mBPMwFxoz9,1,1,2,1,1,1,1,2,1,1,4,2,1,1,2,1,1,1,2,1,3,2,2,1
R_e3WcFYehiowMmmB,JSbt6gZfMo7joBzGv,2,1,2,1,1,2,2,2,1,1,4,2,2,1,2,1,1,1,2,1,3,2,2,2
R_r3ymY1EIfKi3xfz,jfQvpyg84WrSgRNqv,2,2,1,2,2,2,2,1,2,2,4,2,2,2,2,1,2,2,3,2,3,2,1,2
R_1r7eXeTZ2QH0Fa7,q7T5qjCJmLKiFDM7B,3,1,2,2,2,2,1,1,1,1,4,1,1,1,1,1,1,2,3,2,3,2,2,2
R_3hsifq33rRrY2Om,r7ouGiTYscdMz7S96,2,2,2,2,2,2,2,2,2,2,4,2,1,2,2,2,2,2,2,2,3,2,1,2
R_SVkCSyvVz2Qq67n,CBqTRZWRzXAgfN9Yy,1,1,2,1,1,1,1,2,1,1,4,1,2,1,2,1,2,1,2,2,3,1,2,2
R_3Eu3VOFNDzOkzUK,Ny9gao85Xj9EsukBG,2,1,2,1,2,3,3,2,1,1,4,2,1,1,2,1,2,1,3,1,3,3,3,1
R_RUIYVHQXgY3MWjv,Rj9tu78F5w6w3X4H6,2,2,1,1,1,3,3,1,1,1,4,2,2,2,1,1,1,1,2,2,3,2,3,2
R_1rlbLmEhC560A7A,PDvjktHFMxvmMiCXZ,2,2,1,1,2,2,2,2,2,1,4,2,1,1,1,1,2,1,2,2,3,2,2,2
R_2b2z22gqVc40CJs,yqM2BRFq8ZRfjjLkq,1,2,1,1,2,2,3,2,1,1,4,2,1,1,2,1,3,2,3,2,3,2,2,2
R_2vd1FX3LAgFjBmg,sffrXtuXr5TiAB4mp,2,2,2,1,1,2,1,2,2,1,4,2,2,1,1,1,2,1,2,2,3,2,2,2
R_8CkWGUalbGijYwp,EKWRiN76o86oB7anS,2,2,2,2,2,2,2,2,1,1,4,2,2,2,2,1,2,1,2,2,3,3,2,2
R_1Fr1GjGa0qJYgdo,WPYRr5aobwBj73DEK,2,2,1,1,1,2,2,1,1,1,4,2,2,1,1,1,1,1,1,2,3,1,2,2
R_1oaRN1h2xdGn35i,Qqh6muXhTuf3GrNiT,2,2,2,2,1,2,2,1,2,1,4,2,2,1,1,1,2,1,3,2,3,2,1,2
R_2febrJg471TwyAV,uaKgcq3eKvpoHhiRp,1,1,2,1,2,2,1,2,2,1,4,2,2,2,1,1,1,1,2,2,3,3,2,2
R_CkmJOG6Kq7E3yQF,PxTtMMdoKkhi9R3EA,2,1,2,1,1,1,1,2,1,1,4,1,1,1,2,1,3,1,2,1,3,2,2,1
R_1DvF4ZSOla2fPW9,P3KQ9YkjZxt4RLM8n,2,2,1,1,1,2,1,2,1,1,4,2,2,1,2,1,2,1,2,2,3,2,2,2
R_1OoRLOKOcMTI6Wr,w7iHdtHuvS62tpX9A,2,2,1,2,2,2,2,1,1,1,4,2,2,1,2,1,2,1,2,2,3,2,2,2
R_2zXQWG69B7QjEkC,2uka6dm2y2BiZJ2zv,3,1,2,2,2,2,2,2,2,2,4,2,1,2,1,2,1,3,3,2,3,3,2,2
R_3lPRiWj9QWKu1ru,yGMwpC8mFpdaBHsxc,1,1,1,1,1,1,1,1,1,1,4,1,1,1,2,1,1,1,1,1,3,1,2,2
R_1OCgZQfrWBtFpcA,veJrsxDb3LXrES4xG,2,2,2,1,1,1,1,2,1,2,4,1,1,1,1,2,3,1,2,2,3,2,2,2
R_2wnThLclnYQ2E6h,uSMjBeZWWWbr389eX,1,1,2,1,1,2,1,2,1,1,4,1,1,1,2,1,3,3,2,2,3,2,2,2
R_2wnshwMKB47xRap,L4ym7sk99zbs7SpRS,1,1,2,1,1,1,1,2,1,1,4,1,1,1,2,1,1,1,2,1,3,1,2,2
R_265BB3emtDnLNFR,tDQkgwFiLneeqykeP,2,1,1,2,1,2,1,2,1,2,4,2,1,2,2,2,3,1,1,2,3,2,2,2
R_yKDHTM21w5s8gzT,DJkv5Fv9S4kWNyB3h,2,2,1,1,2,2,2,2,1,1,4,2,1,1,1,1,1,1,1,2,3,2,1,2
R_R4FP43lywH088Zb,8LxJGcCiZ4Qc6jQuJ,2,2,2,1,2,2,2,1,2,1,4,2,1,1,2,1,2,2,1,1,3,2,1,1
R_3ebhOqqAnhBidgK,sd2kFccpmJrtKtWXt,2,2,1,2,2,2,1,1,2,1,4,2,1,1,1,1,1,2,2,2,3,2,2,2
R_5uTbExzu7Osqcb7,NfD5PKGzZSHiMziDZ,1,1,2,1,1,1,1,1,2,1,4,2,2,1,1,1,1,1,2,2,3,2,1,2
R_2wQYd4EfRs8Fmyq,sXZRJJZZ4ukn5Rhsa,1,2,1,2,1,2,2,2,1,2,4,2,1,2,2,2,2,1,3,2,3,2,2,2
R_2ARnCByJWFbYG7k,mhWeQdWa9FaKczAnW,2,2,2,1,2,2,2,2,1,2,4,2,2,1,2,1,2,3,2,1,3,2,2,1
R_2f3UOoDosXTnXn6,KtmBDbHyRWmxF3pSe,1,2,1,2,1,1,1,1,1,1,4,1,2,1,1,1,1,1,2,2,3,1,2,2
R_2ePYRrGwjtAoWrs,6puo2keQXS7qFE8Gt,2,1,1,2,2,3,1,1,2,2,4,1,2,2,2,2,1,3,3,2,3,2,2,2
R_1daBoVyP7oRETqh,C8ZZyaoAKK74u5sYq,2,1,2,1,2,2,1,2,2,1,4,2,2,1,2,2,2,2,2,2,3,2,2,2
R_88oRRFE16nYHylH,NEBKBc4v4z22JjHsM,1,2,1,1,2,2,1,2,1,1,4,2,1,1,2,1,1,2,2,1,3,2,2,1
R_2EcUWfOK6Ctx2kF,9et3SfHGXPybDEQvA,2,2,1,1,1,2,1,2,1,2,4,2,2,1,2,1,2,2,3,1,3,2,2,2
R_3HSIw5w3JQN3C0Z,dC92XDi5WvMMhu33h,2,2,2,1,2,3,2,2,1,1,4,2,1,2,2,1,1,3,3,1,3,3,3,2
R_1M3W4iGH2znoNrJ,jFJJMNpjqg3TTB3vH,1,1,1,1,1,2,1,1,2,1,4,1,2,1,1,1,2,1,2,2,3,2,2,2
