V1,V2,V3,V4,V5,V6,V7,V8,V9,V10,Enter Embedded Data Field Name Here...,uid,Q1_2_Group,Q1_2_Rank,Q1_4_Group,Q1_4_Rank,Q1_5_Group,Q1_5_Rank,Q1_6_Group,Q1_6_Rank,Q1_7_Group,Q1_7_Rank,Q1_8_Group,Q1_8_Rank,Q1_10_Group,Q1_10_Rank,Q1_11_Group,Q1_11_Rank,Q2_2_Group,Q2_2_Rank,Q2_4_Group,Q2_4_Rank,Q2_5_Group,Q2_5_Rank,Q2_6_Group,Q2_6_Rank,Q2_7_Group,Q2_7_Rank,Q2_8_Group,Q2_8_Rank,Q2_10_Group,Q2_10_Rank,Q2_11_Group,Q2_11_Rank,Q3_2_Group,Q3_2_Rank,Q3_4_Group,Q3_4_Rank,Q3_5_Group,Q3_5_Rank,Q3_6_Group,Q3_6_Rank,Q3_7_Group,Q3_7_Rank,Q3_8_Group,Q3_8_Rank,Q3_10_Group,Q3_10_Rank,Q3_11_Group,Q3_11_Rank,Q4_2_Group,Q4_2_Rank,Q4_4_Group,Q4_4_Rank,Q4_5_Group,Q4_5_Rank,Q4_6_Group,Q4_6_Rank,Q4_7_Group,Q4_7_Rank,Q4_8_Group,Q4_8_Rank,Q4_10_Group,Q4_10_Rank,Q4_11_Group,Q4_11_Rank,Q5_2_Group,Q5_2_Rank,Q5_4_Group,Q5_4_Rank,Q5_5_Group,Q5_5_Rank,Q5_6_Group,Q5_6_Rank,Q5_7_Group,Q5_7_Rank,Q5_8_Group,Q5_8_Rank,Q5_10_Group,Q5_10_Rank,Q5_11_Group,Q5_11_Rank,LocationLatitude,LocationLongitude,LocationAccuracy
ResponseID,ResponseSet,Name,ExternalDataReference,EmailAddress,IPAddress,Status,StartDate,EndDate,Finished,Enter Embedded Data Field Name Here...,uid,Which of items in the list of reasons influenced your above snack purchase??? Choose the top thre...-Taste/flavor-Group,Which of items in the list of reasons influenced your above snack purchase??? Choose the top thre...-Taste/flavor-Rank,Which of items in the list of reasons influenced your above snack purchase??? Choose the top thre...-Brand/packaging-Group,Which of items in the list of reasons influenced your above snack purchase??? Choose the top thre...-Brand/packaging-Rank,Which of items in the list of reasons influenced your above snack purchase??? Choose the top thre...-Ingredients-Group,Which of items in the list of reasons influenced your above snack purchase??? Choose the top thre...-Ingredients-Rank,Which of items in the list of reasons influenced your above snack purchase??? Choose the top thre...-Considered it a gift for friends or family-Group,Which of items in the list of reasons influenced your above snack purchase??? Choose the top thre...-Considered it a gift for friends or family-Rank,"Which of items in the list of reasons influenced your above snack purchase??? Choose the top thre...-Food source (e.g., locally sourced ingredients)-Group","Which of items in the list of reasons influenced your above snack purchase??? Choose the top thre...-Food source (e.g., locally sourced ingredients)-Rank","Which of items in the list of reasons influenced your above snack purchase??? Choose the top thre...-Health related reasons (e.g., allergies, diet restrictions, medication adherence)-Group","Which of items in the list of reasons influenced your above snack purchase??? Choose the top thre...-Health related reasons (e.g., allergies, diet restrictions, medication adherence)-Rank",Which of items in the list of reasons influenced your above snack purchase??? Choose the top thre...-Per-serving calories-Group,Which of items in the list of reasons influenced your above snack purchase??? Choose the top thre...-Per-serving calories-Rank,Which of items in the list of reasons influenced your above snack purchase??? Choose the top thre...-Didn¡¯t really put thought into my selection-Group,Which of items in the list of reasons influenced your above snack purchase??? Choose the top thre...-Didn¡¯t really put thought into my selection-Rank,Which of items in the list of reasons influenced your above snack purchase??? Choose the top thre...-Taste/flavor-Group,Which of items in the list of reasons influenced your above snack purchase??? Choose the top thre...-Taste/flavor-Rank,Which of items in the list of reasons influenced your above snack purchase??? Choose the top thre...-Brand/packaging-Group,Which of items in the list of reasons influenced your above snack purchase??? Choose the top thre...-Brand/packaging-Rank,Which of items in the list of reasons influenced your above snack purchase??? Choose the top thre...-Ingredients-Group,Which of items in the list of reasons influenced your above snack purchase??? Choose the top thre...-Ingredients-Rank,Which of items in the list of reasons influenced your above snack purchase??? Choose the top thre...-Considered it a gift for friends or family-Group,Which of items in the list of reasons influenced your above snack purchase??? Choose the top thre...-Considered it a gift for friends or family-Rank,"Which of items in the list of reasons influenced your above snack purchase??? Choose the top thre...-Food source (e.g., locally sourced ingredients)-Group","Which of items in the list of reasons influenced your above snack purchase??? Choose the top thre...-Food source (e.g., locally sourced ingredients)-Rank","Which of items in the list of reasons influenced your above snack purchase??? Choose the top thre...-Health related reasons (e.g., allergies, diet restrictions, medication adherence)-Group","Which of items in the list of reasons influenced your above snack purchase??? Choose the top thre...-Health related reasons (e.g., allergies, diet restrictions, medication adherence)-Rank",Which of items in the list of reasons influenced your above snack purchase??? Choose the top thre...-Per-serving calories-Group,Which of items in the list of reasons influenced your above snack purchase??? Choose the top thre...-Per-serving calories-Rank,Which of items in the list of reasons influenced your above snack purchase??? Choose the top thre...-Didn¡¯t really put thought into my selection-Group,Which of items in the list of reasons influenced your above snack purchase??? Choose the top thre...-Didn¡¯t really put thought into my selection-Rank,Which of items in the list of reasons influenced your above snack purchase??? Choose the top thre...-Taste/flavor-Group,Which of items in the list of reasons influenced your above snack purchase??? Choose the top thre...-Taste/flavor-Rank,Which of items in the list of reasons influenced your above snack purchase??? Choose the top thre...-Brand/packaging-Group,Which of items in the list of reasons influenced your above snack purchase??? Choose the top thre...-Brand/packaging-Rank,Which of items in the list of reasons influenced your above snack purchase??? Choose the top thre...-Ingredients-Group,Which of items in the list of reasons influenced your above snack purchase??? Choose the top thre...-Ingredients-Rank,Which of items in the list of reasons influenced your above snack purchase??? Choose the top thre...-Considered it a gift for friends or family-Group,Which of items in the list of reasons influenced your above snack purchase??? Choose the top thre...-Considered it a gift for friends or family-Rank,"Which of items in the list of reasons influenced your above snack purchase??? Choose the top thre...-Food source (e.g., locally sourced ingredients)-Group","Which of items in the list of reasons influenced your above snack purchase??? Choose the top thre...-Food source (e.g., locally sourced ingredients)-Rank","Which of items in the list of reasons influenced your above snack purchase??? Choose the top thre...-Health related reasons (e.g., allergies, diet restrictions, medication adherence)-Group","Which of items in the list of reasons influenced your above snack purchase??? Choose the top thre...-Health related reasons (e.g., allergies, diet restrictions, medication adherence)-Rank",Which of items in the list of reasons influenced your above snack purchase??? Choose the top thre...-Per-serving calories-Group,Which of items in the list of reasons influenced your above snack purchase??? Choose the top thre...-Per-serving calories-Rank,Which of items in the list of reasons influenced your above snack purchase??? Choose the top thre...-Didn¡¯t really put thought into my selection-Group,Which of items in the list of reasons influenced your above snack purchase??? Choose the top thre...-Didn¡¯t really put thought into my selection-Rank,Which of items in the list of reasons influenced your above snack purchase??? Choose the top thre...-Taste/flavor-Group,Which of items in the list of reasons influenced your above snack purchase??? Choose the top thre...-Taste/flavor-Rank,Which of items in the list of reasons influenced your above snack purchase??? Choose the top thre...-Brand/packaging-Group,Which of items in the list of reasons influenced your above snack purchase??? Choose the top thre...-Brand/packaging-Rank,Which of items in the list of reasons influenced your above snack purchase??? Choose the top thre...-Ingredients-Group,Which of items in the list of reasons influenced your above snack purchase??? Choose the top thre...-Ingredients-Rank,Which of items in the list of reasons influenced your above snack purchase??? Choose the top thre...-Considered it a gift for friends or family-Group,Which of items in the list of reasons influenced your above snack purchase??? Choose the top thre...-Considered it a gift for friends or family-Rank,"Which of items in the list of reasons influenced your above snack purchase??? Choose the top thre...-Food source (e.g., locally sourced ingredients)-Group","Which of items in the list of reasons influenced your above snack purchase??? Choose the top thre...-Food source (e.g., locally sourced ingredients)-Rank","Which of items in the list of reasons influenced your above snack purchase??? Choose the top thre...-Health related reasons (e.g., allergies, diet restrictions, medication adherence)-Group","Which of items in the list of reasons influenced your above snack purchase??? Choose the top thre...-Health related reasons (e.g., allergies, diet restrictions, medication adherence)-Rank",Which of items in the list of reasons influenced your above snack purchase??? Choose the top thre...-Per-serving calories-Group,Which of items in the list of reasons influenced your above snack purchase??? Choose the top thre...-Per-serving calories-Rank,Which of items in the list of reasons influenced your above snack purchase??? Choose the top thre...-Didn¡¯t really put thought into my selection-Group,Which of items in the list of reasons influenced your above snack purchase??? Choose the top thre...-Didn¡¯t really put thought into my selection-Rank,Which of items in the list of reasons influenced your above snack purchase??? Choose the top thre...-Taste/flavor-Group,Which of items in the list of reasons influenced your above snack purchase??? Choose the top thre...-Taste/flavor-Rank,Which of items in the list of reasons influenced your above snack purchase??? Choose the top thre...-Brand/packaging-Group,Which of items in the list of reasons influenced your above snack purchase??? Choose the top thre...-Brand/packaging-Rank,Which of items in the list of reasons influenced your above snack purchase??? Choose the top thre...-Ingredients-Group,Which of items in the list of reasons influenced your above snack purchase??? Choose the top thre...-Ingredients-Rank,Which of items in the list of reasons influenced your above snack purchase??? Choose the top thre...-Considered it a gift for friends or family-Group,Which of items in the list of reasons influenced your above snack purchase??? Choose the top thre...-Considered it a gift for friends or family-Rank,"Which of items in the list of reasons influenced your above snack purchase??? Choose the top thre...-Food source (e.g., locally sourced ingredients)-Group","Which of items in the list of reasons influenced your above snack purchase??? Choose the top thre...-Food source (e.g., locally sourced ingredients)-Rank","Which of items in the list of reasons influenced your above snack purchase??? Choose the top thre...-Health related reasons (e.g., allergies, diet restrictions, medication adherence)-Group","Which of items in the list of reasons influenced your above snack purchase??? Choose the top thre...-Health related reasons (e.g., allergies, diet restrictions, medication adherence)-Rank",Which of items in the list of reasons influenced your above snack purchase??? Choose the top thre...-Per-serving calories-Group,Which of items in the list of reasons influenced your above snack purchase??? Choose the top thre...-Per-serving calories-Rank,Which of items in the list of reasons influenced your above snack purchase??? Choose the top thre...-Didn¡¯t really put thought into my selection-Group,Which of items in the list of reasons influenced your above snack purchase??? Choose the top thre...-Didn¡¯t really put thought into my selection-Rank,LocationLatitude,LocationLongitude,LocationAccuracy
R_3DcmemAzrw1REdM,Default Response Set,Anonymous,,,109.70.81.79,0,2016-02-15 5:35,2016-02-15 5:37,1,i7HMczRwQwWbacY4R,i7HMczRwQwWbacY4R,0,3,,,,,,,0,2,,,,,0,1,0,1,,,,,,,,,,,0,3,0,2,0,1,,,,,,,0,2,,,,,0,3,0,1,0,3,,,,,,,,,0,2,,,,,0,3,,,0,2,,,,,,,0,1,60.39300537,5.324203491,-1
R_22rj9UpkQnDWgzj,Default Response Set,Anonymous,,,99.235.232.76,0,2016-02-15 8:54,2016-02-15 8:57,1,DW37WiLZena9WDYfN,DW37WiLZena9WDYfN,,,,,,,,,0,3,,,0,2,0,1,0,2,0,1,,,0,3,,,,,,,,,,,,,0,2,,,0,3,,,0,1,,,,,,,0,3,,,,,,,0,2,0,1,0,1,0,2,,,,,,,,,,,0,3,43.43629456,-80.50930023,-1
R_W9geBHRBKSmbbVf,Default Response Set,Anonymous,,,61.231.163.223,0,2016-02-15 9:34,2016-02-15 9:36,1,A8Cj2fKdNtZJqYLwh,A8Cj2fKdNtZJqYLwh,0,3,,,,,,,,,,,0,1,0,2,0,1,,,0,2,,,,,,,0,3,,,0,2,,,,,,,,,0,1,,,0,3,0,1,0,2,,,,,0,3,,,,,,,0,1,0,2,,,,,,,,,,,0,3,25.03919983,121.5249939,-1
R_3KNINfeTWzcPGaJ,Default Response Set,Anonymous,,,160.39.89.59,0,2016-02-15 13:45,2016-02-15 13:48,1,F3ZWcZX7ARkhPJmRW,F3ZWcZX7ARkhPJmRW,0,3,,,0,1,,,,,,,0,2,,,0,3,,,0,1,,,,,,,0,2,,,0,3,,,0,1,,,,,,,0,2,,,0,3,,,0,1,,,,,,,0,2,,,0,3,,,0,1,,,,,,,0,2,,,40.80059814,-73.96530151,-1
R_1I6MFkIQxVABhq7,Default Response Set,Anonymous,,,74.71.65.61,0,2016-02-15 14:44,2016-02-15 14:46,1,9bSZGxpzwYt8Zz8Kx,9bSZGxpzwYt8Zz8Kx,,,,,0,3,,,0,1,,,0,2,,,,,0,3,,,,,0,2,,,0,1,,,,,0,3,0,2,,,,,,,0,1,,,,,,,0,3,,,0,2,,,0,1,,,,,,,0,2,,,,,,,0,1,0,3,40.77619934,-73.95480347,-1
R_1eCxDEOM7DINNpD,Default Response Set,Anonymous,,,209.6.74.196,0,2016-02-15 15:24,2016-02-15 15:27,1,peZip3nZ25pQ4ism4,peZip3nZ25pQ4ism4,,,,,0,2,,,0,1,,,0,3,,,0,2,,,0,1,,,0,3,,,,,,,,,,,0,1,,,,,,,0,2,0,3,,,,,0,3,,,0,2,,,0,1,,,0,2,,,0,3,0,1,,,,,,,,,42.34840393,-71.15509796,-1
R_1BQ7fWXd7bxnVLw,Default Response Set,Anonymous,,,104.162.198.218,0,2016-02-15 16:20,2016-02-15 16:22,1,hFMehFgYKLkcpyuQ9,hFMehFgYKLkcpyuQ9,,,0,2,0,1,,,0,3,,,,,,,0,1,0,2,0,3,,,,,,,,,,,0,3,0,2,,,,,0,1,,,,,,,,,0,3,0,1,,,0,2,,,,,,,0,1,0,3,0,2,,,,,,,,,,,40.74490356,-73.97820282,-1
R_31BoFezIZcRpDbw,Default Response Set,Anonymous,,,68.174.238.158,0,2016-02-15 16:35,2016-02-15 16:40,1,GL2hudNdtRviGrbv6,GL2hudNdtRviGrbv6,0,2,,,,,,,,,,,0,1,0,3,0,2,,,,,,,,,,,0,1,0,3,0,2,,,,,,,,,,,0,3,0,1,0,3,,,,,,,,,,,0,2,0,1,0,1,,,,,,,,,,,0,3,0,2,40.80220032,-73.95240021,-1
R_elkOBxjTfab40Eh,Default Response Set,Anonymous,,,67.81.240.219,0,2016-02-15 16:46,2016-02-15 16:50,1,YiHmJ4qLbxiwyjMFd,YiHmJ4qLbxiwyjMFd,,,,,0,2,,,,,0,1,0,3,,,,,,,0,2,,,,,0,1,0,3,,,,,,,0,2,,,,,0,1,0,3,,,,,,,0,2,,,,,0,1,0,3,,,0,2,,,,,,,,,0,1,0,3,,,40.83729553,-73.69380188,-1
R_O6GVqdfwp2QDyEh,Default Response Set,Anonymous,,,104.162.198.218,0,2016-02-15 17:01,2016-02-15 17:03,1,Xyy2u4fX5w8ZXBK3y,Xyy2u4fX5w8ZXBK3y,0,2,,,,,,,0,1,,,0,3,,,0,2,,,0,1,,,,,,,0,3,,,0,2,,,0,1,,,,,,,0,3,,,0,3,,,0,1,,,,,,,0,2,,,0,2,,,0,1,,,,,,,0,3,,,40.74490356,-73.97820282,-1
R_AmnsNt8Xx2SujgR,Default Response Set,Anonymous,,,72.225.210.89,0,2016-02-15 17:28,2016-02-15 17:31,1,PxZYxaGdJhcnoWWsT,PxZYxaGdJhcnoWWsT,,,,,0,3,,,,,0,1,0,2,,,0,1,0,2,0,3,,,,,,,,,,,,,,,0,2,,,,,,,0,1,0,3,0,3,,,0,2,,,,,,,0,1,,,,,0,3,0,1,,,,,,,,,0,2,40.81159973,-73.95300293,-1
R_1ogPyWpe7tEETKt,Default Response Set,Anonymous,,,108.35.33.25,0,2016-02-15 21:03,2016-02-15 21:06,1,nXMXFzpgTi4qgwWK6,nXMXFzpgTi4qgwWK6,,,,,,,,,0,3,0,1,0,2,,,,,0,3,0,2,,,0,1,,,,,,,,,,,,,,,0,3,0,1,0,2,,,,,,,0,2,,,0,1,,,0,3,,,,,,,0,2,,,0,3,,,0,1,,,40.75180054,-74.06620026,-1
R_2VkhCfIu5uIXupj,Default Response Set,Anonymous,,,24.62.202.75,0,2016-02-15 21:03,2016-02-15 21:06,1,qHfPbdZH5ooEhRGj5,qHfPbdZH5ooEhRGj5,,,0,2,,,,,0,1,0,3,,,,,,,0,1,0,2,,,,,,,0,3,,,,,,,0,3,,,,,0,1,0,2,,,,,,,,,,,0,1,0,2,,,0,3,,,0,3,,,,,,,0,1,,,0,2,42.38960266,-72.45339966,-1
R_eF0wJZu7UUU58OZ,Default Response Set,Anonymous,,,24.62.202.75,0,2016-02-15 21:05,2016-02-15 21:08,1,idBwv2cHpmaynrZhD,idBwv2cHpmaynrZhD,,,,,0,1,0,2,,,,,,,0,3,0,2,0,1,0,3,,,,,,,,,,,,,,,0,1,,,,,0,2,,,0,3,,,,,0,1,0,2,,,,,,,0,3,0,2,0,1,,,,,,,,,0,3,,,42.38960266,-72.45339966,-1
R_2rGdNIrFwxDd2Yh,Default Response Set,Anonymous,,,108.29.172.251,0,2016-02-15 21:38,2016-02-15 21:40,1,iw4jvD5va5fnWukXC,iw4jvD5va5fnWukXC,,,,,,,,,0,2,0,1,0,3,,,0,3,0,2,,,,,,,,,,,0,1,,,,,,,,,0,1,0,2,0,3,,,,,,,,,,,0,1,0,2,0,3,,,0,3,0,1,0,2,,,,,,,,,,,40.792099,-73.94390106,-1
R_2wyMRZuIXzuaZVC,Default Response Set,Anonymous,,,160.39.84.164,0,2016-02-15 22:59,2016-02-15 23:03,1,bvQKD5bRjLyvwCpPy,bvQKD5bRjLyvwCpPy,,,,,0,2,,,,,,,0,1,0,3,0,1,0,2,,,,,,,,,,,0,3,,,,,0,2,,,,,,,0,1,0,3,,,,,0,2,,,,,,,0,1,0,3,0,3,,,0,2,,,,,,,0,1,,,40.80059814,-73.96530151,-1
R_Bypw4rexCqHiKE9,Default Response Set,Anonymous,,,50.101.155.109,0,2016-02-16 11:07,2016-02-16 11:09,1,nTjB9cbr4ip2uXa8g,nTjB9cbr4ip2uXa8g,0,2,0,3,,,,,0,1,,,,,,,0,3,,,,,,,0,1,,,0,2,,,,,0,2,,,,,0,1,,,0,3,,,,,,,0,2,,,0,1,,,0,3,,,0,2,0,3,,,,,0,1,,,,,,,43.13549805,-80.24669647,-1
R_1Q3JfL4RlUe3ax8,Default Response Set,Anonymous,,,146.203.133.25,0,2016-02-16 13:07,2016-02-16 13:24,1,ufYSbrs2puEYHomhr,ufYSbrs2puEYHomhr,0,3,,,0,2,,,,,,,0,1,,,0,3,,,0,2,,,,,,,0,1,,,0,3,,,0,2,,,,,,,0,1,,,0,3,,,0,2,,,,,,,0,1,,,0,3,,,0,2,,,,,,,0,1,,,40.78050232,-73.95120239,-1
R_1KiHlyRi4JOSdvf,Default Response Set,Anonymous,,,100.33.12.98,0,2016-02-16 14:33,2016-02-16 14:34,1,iNRN7ctrXkwmZQSxt,iNRN7ctrXkwmZQSxt,,,,,0,1,,,0,3,0,2,,,,,0,3,0,1,0,2,,,,,,,,,,,,,,,0,1,,,,,0,3,0,2,,,,,0,1,0,2,,,,,0,3,,,,,0,1,0,2,0,3,,,,,,,,,,,40.74490356,-73.97820282,-1
R_1NEdtss9gD9QGFS,Default Response Set,Anonymous,,,168.150.113.24,0,2016-02-16 14:55,2016-02-16 14:58,1,i8NjyEXvuMDxg5nGL,i8NjyEXvuMDxg5nGL,,,,,0,3,,,0,1,,,0,2,,,0,1,0,2,,,,,,,,,0,3,,,,,,,0,3,,,0,2,,,0,1,,,,,,,0,3,,,0,2,,,0,1,,,0,3,,,0,1,,,,,,,0,2,,,38.4828949,-121.639801,-1
R_12yGfJpB6g8JqjV,Default Response Set,Anonymous,,,74.71.65.61,0,2016-02-16 14:55,2016-02-16 14:58,1,qf7G2up2hE5qScuK9,qf7G2up2hE5qScuK9,0,3,,,0,1,,,,,,,0,2,,,0,1,0,2,0,3,,,,,,,,,,,,,0,3,0,2,,,,,,,0,1,,,,,0,3,0,2,,,,,,,0,1,,,0,1,,,0,2,,,,,,,0,3,,,40.77619934,-73.95480347,-1
R_6yC1BfGWs8vQZBn,Default Response Set,Anonymous,,,128.103.40.150,0,2016-02-16 17:42,2016-02-16 17:44,1,Wxu8k7df9yj4j6573,Wxu8k7df9yj4j6573,0,1,,,0,3,,,,,,,0,2,,,0,2,0,1,,,,,,,,,0,3,,,0,2,,,0,3,,,,,,,0,1,,,,,,,0,3,,,0,2,,,0,1,,,0,2,,,,,,,0,3,,,0,1,,,42.38000488,-71.13289642,-1
R_BVMRtobW8073RBL,Default Response Set,Anonymous,,,68.112.97.6,0,2016-02-16 19:06,2016-02-16 19:10,1,8rkTWSowd8QnKYkrE,8rkTWSowd8QnKYkrE,0,1,,,0,3,,,,,,,0,2,,,0,1,0,2,0,3,,,,,,,,,,,0,1,,,,,,,,,0,3,0,2,,,,,,,0,2,,,,,0,3,0,1,,,0,1,0,2,,,,,,,,,0,3,,,42.24850464,-71.76560211,-1
R_1MXq6DhUucGNmmb,Default Response Set,Anonymous,,,67.81.240.219,0,2016-02-16 21:10,2016-02-16 21:11,1,m3PpL6WcoykRyE6pm,m3PpL6WcoykRyE6pm,0,1,,,,,0,2,,,,,,,0,3,0,2,0,3,,,,,0,1,,,,,,,0,2,0,3,,,,,,,,,0,1,,,0,3,,,,,,,0,2,,,0,1,,,0,3,0,2,,,,,,,,,,,0,1,40.83729553,-73.69380188,-1
R_3TMyN5hJQwK0Rpf,Default Response Set,Anonymous,,,156.111.111.162,0,2016-02-17 11:37,2016-02-17 11:38,1,c7KXKPxqoFftvbiRo,c7KXKPxqoFftvbiRo,0,3,0,1,,,,,,,,,,,0,2,0,2,0,3,,,,,,,,,,,0,1,0,3,0,2,,,,,,,,,,,0,1,0,3,0,1,,,,,,,,,,,0,2,0,3,0,1,,,,,,,,,,,0,2,40.83990479,-73.94219971,-1
R_28ChFq8tRBMrPoc,Default Response Set,Anonymous,,,89.217.92.201,0,2016-02-17 18:21,2016-02-17 18:24,1,nyhJYddWvp3BB3QQw,nyhJYddWvp3BB3QQw,0,3,,,,,,,0,1,,,0,2,,,0,1,0,2,,,,,0,3,,,,,,,0,3,,,,,,,0,2,,,0,1,,,0,3,,,,,,,0,2,,,0,1,,,0,3,,,0,1,,,,,,,0,2,,,47.395401,8.618392944,-1
R_2CBW1MoMEj2vSLo,Default Response Set,Anonymous,,,162.234.2.126,0,2016-02-17 20:47,2016-02-17 20:49,1,Go273GW8uicZrCdSD,Go273GW8uicZrCdSD,,,,,0,3,,,,,0,1,0,2,,,0,1,0,2,,,,,,,0,3,,,,,0,3,,,,,,,,,0,1,0,2,,,0,3,,,,,,,,,0,1,0,2,,,0,2,0,3,,,,,,,0,1,,,,,37.34950256,-122.1163025,-1
R_u53yXnVdAQIcgzT,Default Response Set,Anonymous,,,61.231.163.223,0,2016-02-18 0:32,2016-02-18 0:33,1,WxM5cQu2SaeRc9e8S,WxM5cQu2SaeRc9e8S,,,,,,,,,0,1,,,0,2,0,3,,,,,,,,,,,0,2,0,1,0,3,,,,,,,,,,,0,2,0,1,0,3,,,,,,,0,2,,,,,0,1,0,3,0,1,0,2,,,,,,,,,,,0,3,25.03919983,121.5249939,-1
R_1eXDnOCsyZiypdY,Default Response Set,Anonymous,,,176.135.197.25,0,2016-02-18 10:53,2016-02-18 10:55,1,Yq2tfTdFxrtJJrtiK,Yq2tfTdFxrtJJrtiK,,,0,1,,,0,3,,,,,0,2,,,,,0,2,0,3,0,1,,,,,,,,,,,0,2,,,,,,,,,0,1,0,3,,,0,1,0,2,,,,,,,,,0,3,0,1,0,2,,,0,3,,,,,,,,,48.71659851,2.587402344,-1
R_rfGkXiYyF2ShQI1,Default Response Set,Anonymous,,,108.4.129.132,0,2016-02-18 11:52,2016-02-18 11:54,1,nn9r35Fnm3dt4Mwac,nn9r35Fnm3dt4Mwac,,,,,0,2,,,0,1,,,0,3,,,0,1,,,,,,,0,2,,,0,3,,,,,,,0,2,,,0,1,,,,,0,3,,,,,0,2,,,0,1,,,0,3,,,0,1,0,3,,,,,,,,,,,0,2,42.68490601,-73.83180237,-1
R_2coxnYf2b7THgNJ,Default Response Set,Anonymous,,,108.209.173.144,0,2016-02-18 11:53,2016-02-18 11:55,1,MxvzFzxhex6KtCcJv,MxvzFzxhex6KtCcJv,,,0,1,0,3,,,0,2,,,,,,,0,1,,,,,,,0,3,,,0,2,,,,,,,0,3,,,0,2,,,0,1,,,0,1,,,,,,,0,3,,,0,2,,,0,2,0,1,,,,,,,,,,,0,3,25.75250244,-80.20300293,-1
R_Z8KFNXkcZFR8gRb,Default Response Set,Anonymous,,,66.151.203.10,0,2016-02-18 14:55,2016-02-18 14:57,1,B2ZCZF78M52DaYdRe,B2ZCZF78M52DaYdRe,,,0,2,0,3,,,,,,,0,1,,,,,,,,,,,0,2,,,0,1,0,3,,,,,,,,,0,2,0,3,0,1,,,,,,,0,1,,,0,3,,,0,2,,,0,1,0,2,,,0,3,,,,,,,,,40.75030518,-74.00060272,-1
R_qRdRJ5sE2j3DAnn,Default Response Set,Anonymous,,,205.154.255.232,0,2016-02-18 15:58,2016-02-18 16:00,1,qBC3M3KQn9vNCcPqE,qBC3M3KQn9vNCcPqE,,,0,1,0,2,,,0,3,,,,,,,0,2,,,,,,,0,3,,,0,1,,,,,,,,,0,1,,,0,2,0,3,,,0,3,,,,,,,0,2,,,0,1,,,0,2,,,,,,,,,,,0,3,0,1,33.75419617,-118.2019043,-1
R_1nOaLU7eaCXvvyQ,Default Response Set,Anonymous,,,67.249.139.37,0,2016-02-18 16:16,2016-02-18 16:20,1,q4HPxfuFegecSLdDp,q4HPxfuFegecSLdDp,,,0,1,,,,,0,2,,,0,3,,,0,2,0,3,,,,,,,,,,,0,1,,,,,,,,,0,2,0,3,0,1,,,,,,,,,,,0,1,0,2,0,3,,,,,,,,,,,0,3,0,1,0,2,,,42.40719604,-76.51589966,-1
R_2eaR6S0QupzIbu6,Default Response Set,Anonymous,,,67.200.251.18,0,2016-02-18 17:09,2016-02-18 17:12,1,yZoeMgzGtaMeqaFnP,yZoeMgzGtaMeqaFnP,,,0,3,0,1,,,,,,,0,2,,,0,1,0,3,0,2,,,,,,,,,,,,,0,3,0,1,,,,,,,0,2,,,,,,,0,1,,,,,,,0,2,0,3,0,2,0,1,0,3,,,,,,,,,,,29.74819946,-95.49089813,-1
R_2BhbjE6l8LTGwXR,Default Response Set,Anonymous,,,144.118.247.20,0,2016-02-18 18:08,2016-02-18 18:12,1,R7dYKeoHCd6LvxxqK,R7dYKeoHCd6LvxxqK,,,0,1,0,3,,,,,,,0,2,,,0,1,,,0,2,,,,,,,0,3,,,,,0,1,,,,,0,3,,,0,2,,,,,0,2,,,,,0,3,,,0,1,,,0,2,,,0,3,,,,,,,0,1,,,39.95970154,-75.19680023,-1
R_OpVv69iy8UhDAZz,Default Response Set,Anonymous,,,73.149.121.19,0,2016-02-18 19:51,2016-02-18 19:53,1,rwmxw6YBuepteyj3w,rwmxw6YBuepteyj3w,,,,,0,1,,,0,2,,,,,0,3,0,3,0,1,,,,,,,,,,,0,2,,,,,0,1,,,0,3,,,,,0,2,,,,,0,1,,,0,3,,,,,0,2,0,1,,,0,3,,,,,,,,,0,2,42.34959412,-71.07460022,-1
R_xozh4BTFWCICOUF,Default Response Set,Anonymous,,,70.199.66.112,0,2016-02-18 19:55,2016-02-18 19:59,1,2EaSSMTDRTavgzxWY,2EaSSMTDRTavgzxWY,,,,,,,,,0,2,0,3,0,1,,,0,1,,,0,3,,,,,,,0,2,,,,,,,,,,,,,0,2,0,1,0,3,,,,,0,1,,,,,0,3,0,2,,,0,3,,,0,2,,,,,,,0,1,,,40.66169739,-73.98549652,-1
R_BMblCwQQLj0HFQd,Default Response Set,Anonymous,,,98.116.63.2,0,2016-02-20 20:32,2016-02-20 20:33,1,79cjqjh3rhGT85Z35,79cjqjh3rhGT85Z35,,,,,,,,,0,2,0,3,0,1,,,0,3,,,,,,,0,1,,,0,2,,,,,,,,,,,0,2,0,3,0,1,,,,,,,,,,,0,2,0,3,0,1,,,0,1,0,3,0,2,,,,,,,,,,,40.80059814,-73.96530151,-1
R_e2nlAgLiHUZ0Bdr,Default Response Set,Anonymous,,,156.111.111.126,0,2016-02-21 1:18,2016-02-21 1:20,1,wtSLbuDzbcFjvfDEf,wtSLbuDzbcFjvfDEf,,,0,1,,,0,2,,,,,0,3,,,0,1,0,2,0,3,,,,,,,,,,,,,,,0,2,,,0,3,,,0,1,,,,,,,0,2,,,0,3,,,0,1,,,0,1,0,2,,,0,3,,,,,,,,,40.83990479,-73.94219971,-1
R_2wjkf306C7q8P0V,Default Response Set,Anonymous,,,45.210.216.105,0,2016-02-21 4:32,2016-02-21 4:35,1,tyLjuwcbAbuazEQiG,tyLjuwcbAbuazEQiG,,,,,0,1,,,0,3,0,2,,,,,0,1,0,2,0,3,,,,,,,,,,,,,,,0,1,,,0,2,,,0,3,,,,,,,0,1,,,,,0,2,0,3,,,0,1,,,0,2,,,,,0,3,,,,,8,-2,-1
R_2vYyfgeqMvFpQ3U,Default Response Set,Anonymous,,,172.85.118.126,0,2016-02-21 9:37,2016-02-21 9:38,1,u469QjCESYfQpGHJC,u469QjCESYfQpGHJC,0,1,0,3,,,,,,,,,0,2,,,0,2,0,1,0,3,,,,,,,,,,,0,3,,,0,1,,,,,,,,,0,2,,,,,0,2,,,,,,,0,1,0,3,,,0,2,0,3,,,,,,,0,1,,,40.81159973,-73.95300293,-1
R_31gsrcE0dTvmwgK,Default Response Set,Anonymous,,,1.161.175.194,0,2016-02-21 9:56,2016-02-21 9:57,1,SoKJoq72nqsZeYAav,SoKJoq72nqsZeYAav,0,2,0,1,,,,,,,0,3,,,,,0,2,0,1,,,,,,,0,3,,,,,0,2,0,1,,,,,,,0,3,,,,,0,2,0,1,,,,,,,0,3,,,,,0,2,0,1,,,,,,,0,3,,,,,25.03919983,121.5249939,-1
R_3h0aNyZyn7RfykT,Default Response Set,Anonymous,,,69.22.244.50,0,2016-02-21 10:55,2016-02-21 10:58,1,EsvySo9AtybDSYAs8,EsvySo9AtybDSYAs8,,,,,0,3,,,,,0,2,0,1,,,0,3,,,,,,,,,0,2,0,1,,,,,0,3,0,2,,,,,,,0,1,,,0,3,,,,,,,,,0,2,0,1,,,,,,,0,3,,,0,2,,,0,1,,,40.85040283,-73.93689728,-1
R_2rMyrV6fj5Jvfsd,Default Response Set,Anonymous,,,160.79.41.210,0,2016-02-22 11:56,2016-02-22 11:57,1,JRcAvo7ghDwhDZL84,JRcAvo7ghDwhDZL84,,,,,0,2,,,0,3,,,0,1,,,,,0,2,0,3,,,,,0,1,,,,,,,,,0,3,,,0,1,,,0,2,,,,,,,0,3,,,0,1,,,0,2,,,,,,,0,3,,,0,1,,,0,2,,,40.7552948,-73.99240112,-1
R_pRDJapU7jKOEfYJ,Default Response Set,Anonymous,,,137.143.146.145,0,2016-02-22 15:36,2016-02-22 15:38,1,MrGZ6mh63fudmqYDf,MrGZ6mh63fudmqYDf,,,0,3,,,0,2,0,1,,,,,,,0,3,,,0,2,0,1,,,,,,,,,0,3,,,0,1,,,0,2,,,,,,,0,1,,,,,,,0,2,,,0,3,,,0,3,,,0,2,,,,,,,,,0,1,44.66090393,-74.92579651,-1
R_2aelBLP8bOsGfiP,Default Response Set,Anonymous,,,12.11.109.233,0,2016-02-23 8:50,2016-02-23 8:51,1,Lcmknpky6pFHN3tQu,Lcmknpky6pFHN3tQu,,,0,1,,,,,0,2,,,0,3,,,0,2,0,1,0,3,,,,,,,,,,,,,0,1,0,3,,,,,,,0,2,,,0,2,0,1,0,3,,,,,,,,,,,0,1,0,2,,,,,,,,,0,3,,,40.71429443,-74.0059967,-1
R_1IXZT6ZCodzZtxs,Default Response Set,Anonymous,,,186.136.234.52,0,2016-02-23 14:13,2016-02-23 14:16,1,5bASBojyYxYwsQXxd,5bASBojyYxYwsQXxd,0,1,0,2,,,,,,,,,,,0,3,0,3,0,1,,,,,,,,,,,0,2,,,0,2,,,,,,,,,0,1,0,3,0,1,0,2,,,,,,,,,,,0,3,0,1,0,2,,,,,,,,,,,0,3,-32.84170532,-64.30000305,-1
R_3CVC6iV1EduVcRU,Default Response Set,Anonymous,,,155.72.28.11,0,2016-02-23 14:17,2016-02-23 14:19,1,YtSdEqNJzaQeCopij,YtSdEqNJzaQeCopij,,,,,0,3,,,0,2,,,0,1,,,,,,,0,1,,,0,2,,,0,3,,,,,,,0,3,,,0,1,,,0,2,,,,,,,0,3,,,0,1,,,0,2,,,,,,,0,3,,,0,1,,,0,2,,,42.20320129,-71.00959778,-1
R_2fuMrIJi06tPZDv,Default Response Set,Anonymous,,,128.220.159.83,0,2016-02-23 14:28,2016-02-23 14:32,1,6SEWxX7BWwdBNKtgP,6SEWxX7BWwdBNKtgP,,,0,2,,,,,,,,,0,1,0,3,0,2,0,1,0,3,,,,,,,,,,,0,2,,,,,,,,,,,0,1,0,3,,,0,2,,,,,,,,,0,3,0,1,,,0,3,,,,,0,2,,,0,1,,,39.32879639,-76.59670258,-1
R_urLIUrpLDv1Le0x,Default Response Set,Anonymous,,,98.114.15.38,0,2016-02-23 14:37,2016-02-23 14:39,1,AqpMTK8pfa3ZDgCnX,AqpMTK8pfa3ZDgCnX,,,0,1,,,,,0,2,,,0,3,,,0,2,,,,,,,,,0,3,,,0,1,0,1,0,2,,,,,,,,,,,0,3,0,2,,,,,,,,,,,0,3,0,1,0,1,0,3,,,,,,,,,,,0,2,40.25880432,-75.51039886,-1
R_1JJHWgLw2q1mpfJ,Default Response Set,Anonymous,,,69.140.41.56,0,2016-02-23 15:04,2016-02-23 15:06,1,CLtNCJghz2jZqxeK9,CLtNCJghz2jZqxeK9,0,1,0,2,0,3,,,,,,,,,,,0,1,0,3,0,2,,,,,,,,,,,0,1,0,2,0,3,,,,,,,,,,,0,1,,,0,2,,,0,3,,,,,,,0,1,0,3,0,2,,,,,,,,,,,39.00270081,-76.88069916,-1
R_3dTe74d9FSXbw5N,Default Response Set,Anonymous,,,71.79.179.6,0,2016-02-23 15:16,2016-02-23 15:17,1,MyrQHPY3F4WLXmc5X,MyrQHPY3F4WLXmc5X,,,0,2,,,,,,,,,0,1,0,3,0,3,0,2,,,,,,,,,0,1,,,,,,,,,,,0,3,,,0,1,0,2,,,,,,,,,0,3,,,0,1,0,2,0,1,0,3,,,,,,,,,0,2,,,40.63059998,-81.45549774,-1
R_2ZQ43rFh2nLFuBp,Default Response Set,Anonymous,,,140.247.61.179,0,2016-02-24 10:56,2016-02-24 10:57,1,z3zTMtRhkLDei8wuP,z3zTMtRhkLDei8wuP,0,2,,,,,0,3,,,,,,,0,1,0,3,,,,,0,2,,,,,0,1,,,,,,,,,0,2,,,,,0,1,0,3,,,0,3,,,0,2,,,,,,,0,1,,,,,,,0,1,,,,,0,2,0,3,42.38000488,-71.13289642,-1
R_9Y7OexbMINusLId,Default Response Set,Anonymous,,,158.222.215.137,0,2016-02-24 19:09,2016-02-24 19:10,1,YGJd65DmqYzQazNgB,YGJd65DmqYzQazNgB,0,1,0,2,,,,,0,3,,,,,,,0,1,0,2,0,3,,,,,,,,,,,0,1,0,2,,,,,0,3,,,,,,,0,1,0,2,,,,,0,3,,,,,,,0,1,0,2,0,3,,,,,,,,,,,40.82910156,-73.94909668,-1
R_3ktfoNXmCL5debM,Default Response Set,Anonymous,,,128.220.159.5,0,2016-02-25 14:08,2016-02-25 14:10,1,fhuLXXHqMQ5d8rDAn,fhuLXXHqMQ5d8rDAn,0,2,,,0,3,,,,,,,0,1,,,0,2,,,0,3,,,,,,,0,1,,,0,2,,,0,3,,,,,,,0,1,,,0,1,0,3,,,,,,,,,0,2,,,0,1,0,3,,,,,,,,,0,2,,,39.32879639,-76.59670258,-1
R_1ousAeZeiETkQ8T,Default Response Set,Anonymous,,,76.175.201.161,0,2016-02-26 2:53,2016-02-26 2:56,1,QmvwaSmSW9vegKCLm,QmvwaSmSW9vegKCLm,0,3,,,0,1,,,0,2,,,,,,,,,,,0,3,,,0,1,,,0,2,,,,,0,3,,,,,0,2,,,0,1,,,,,,,,,,,,,0,3,0,1,0,2,,,,,,,,,,,0,3,0,1,0,2,33.9414978,-118.1306992,-1
R_2ZUoCPpd7pzEGhe,Default Response Set,Anonymous,,,199.181.110.105,0,2016-02-26 13:57,2016-02-26 14:00,1,u4ij2RsfoD2QLvBEb,u4ij2RsfoD2QLvBEb,0,2,,,0,1,,,,,0,3,,,,,,,,,0,2,,,,,0,1,0,3,,,,,,,,,,,0,3,0,1,0,2,,,0,1,,,0,3,,,,,0,2,,,,,0,1,,,0,3,,,,,0,2,,,,,40.73170471,-73.9885025,-1
R_3iVlPunT6bQ07C6,Default Response Set,Anonymous,,,121.129.47.133,0,2016-02-27 22:13,2016-02-27 22:18,1,AwhQeCLDxEyvjTy3X,AwhQeCLDxEyvjTy3X,0,1,,,0,3,,,0,2,,,,,,,0,1,,,,,,,0,2,,,,,0,3,0,2,,,,,,,0,3,,,,,0,1,0,2,,,,,,,0,1,,,,,0,3,0,3,0,2,,,,,,,,,,,0,1,37.59849548,126.978302,-1
R_1NsKKcL4uQBhr7U,Default Response Set,Anonymous,,,74.71.24.235,0,2016-02-28 2:46,2016-02-28 2:47,1,43rAun7MweDZDbiR5,43rAun7MweDZDbiR5,0,1,0,2,,,0,3,,,,,,,,,,,0,3,,,,,,,0,1,,,0,2,,,,,0,3,0,1,,,,,,,0,2,,,0,3,0,2,,,,,,,0,1,,,0,3,0,1,,,,,,,0,2,,,,,40.80059814,-73.96530151,-1
R_10uwGaleWIZeGUq,Default Response Set,Anonymous,,,209.6.139.62,0,2016-02-28 4:12,2016-02-28 4:15,1,YM8venxunpNq9B2xq,YM8venxunpNq9B2xq,,,0,1,,,,,0,2,,,,,0,3,0,1,0,2,0,3,,,,,,,,,,,,,0,1,0,3,,,,,,,,,0,2,,,0,1,0,3,,,,,,,,,0,2,0,1,0,2,0,3,,,,,,,,,,,42.32209778,-71.13339996,-1
R_zVxkeh9PNAX0RY5,Default Response Set,Anonymous,,,129.161.83.65,0,2016-02-28 13:32,2016-02-28 13:34,1,no24mX6RndnhrbK2G,no24mX6RndnhrbK2G,0,1,0,2,,,,,,,,,,,0,3,0,2,,,0,1,,,,,,,,,0,3,0,2,,,,,,,,,0,1,,,0,3,0,1,0,2,,,,,,,0,3,,,,,0,2,0,1,,,,,,,,,,,0,3,42.74949646,-73.5951004,-1
R_2ydfqyUWeNxJ8iK,Default Response Set,Anonymous,,,160.39.92.12,0,2016-02-28 8:20,2016-02-28 13:56,1,bgy5jAMHTgznc4ux5,bgy5jAMHTgznc4ux5,,,,,0,3,,,0,2,,,0,1,,,,,,,0,3,,,0,2,,,0,1,,,,,,,0,3,,,0,2,,,0,1,,,,,,,0,3,,,0,2,,,0,1,,,,,,,0,1,,,0,3,,,0,2,,,40.80059814,-73.96530151,-1
R_1gG7TEzjD1yMMXq,Default Response Set,Anonymous,,,24.185.127.13,0,2016-02-28 14:58,2016-02-28 15:01,1,Bpj4sGSnkFdkCCxNf,Bpj4sGSnkFdkCCxNf,,,,,0,3,,,,,0,1,0,2,,,,,0,3,0,1,,,,,,,0,2,,,,,,,0,2,,,,,0,3,0,1,,,,,,,0,2,,,,,0,1,0,3,,,,,,,0,2,,,,,0,1,0,3,,,40.64480591,-73.88030243,-1
R_1FkBJauQtx9N4ba,Default Response Set,Anonymous,,,158.222.159.5,0,2016-02-29 1:42,2016-02-29 1:44,1,ptvCG2FEvcGE6NwA6,ptvCG2FEvcGE6NwA6,0,1,,,,,0,2,0,3,,,,,,,,,,,,,0,2,0,3,,,,,0,1,,,0,2,,,,,,,,,0,3,0,1,0,1,0,3,,,0,2,,,,,,,,,0,1,0,2,,,,,0,3,,,,,,,40.81159973,-73.95300293,-1
R_pEH7Ddzqd9Jhh2F,Default Response Set,Anonymous,,,1.161.166.62,0,2016-02-29 8:41,2016-02-29 8:42,1,mMzbDo23w5dTrdSEk,mMzbDo23w5dTrdSEk,0,3,0,2,,,,,,,,,0,1,,,0,3,,,0,2,,,,,,,0,1,,,,,0,2,0,3,,,,,,,0,1,,,,,0,3,0,2,,,,,,,0,1,,,0,3,0,2,,,,,,,,,0,1,,,25.03919983,121.5249939,-1
R_3e3P5rowkyVJgyJ,Default Response Set,Anonymous,,,76.239.21.19,0,2016-02-29 9:33,2016-02-29 9:39,1,b3JmtzQJQgAcnZnYE,b3JmtzQJQgAcnZnYE,0,2,,,0,1,,,0,3,,,,,,,,,,,0,3,,,0,1,,,0,2,,,,,0,1,0,3,,,0,2,,,,,,,,,,,0,3,,,0,2,,,0,1,,,0,3,,,0,2,,,,,,,0,1,,,41.97920227,-88.08950043,-1
R_bO6jGbPoTWaKspz,Default Response Set,Anonymous,,,184.97.153.248,0,2016-02-29 9:39,2016-02-29 9:42,1,6A43r9ZERAEEDbZ8E,6A43r9ZERAEEDbZ8E,,,0,2,,,,,0,1,,,0,3,,,0,3,,,,,,,0,1,,,0,2,,,,,,,0,3,,,0,1,,,0,2,,,,,,,0,3,,,0,1,,,0,2,,,,,,,0,2,,,0,1,,,0,3,,,44.94929504,-93.33630371,-1
R_3dQEH0MdIdIaSMk,Default Response Set,Anonymous,,,118.220.219.169,0,2016-02-29 9:49,2016-02-29 9:51,1,XAgek4Txgcr6zNhkX,XAgek4Txgcr6zNhkX,0,3,,,0,2,,,,,,,0,1,,,0,2,0,1,,,,,,,,,0,3,,,0,3,,,0,2,,,,,,,0,1,,,0,3,,,0,2,,,,,,,0,1,,,0,1,0,2,,,,,,,,,0,3,,,37.57000732,126.980011,-1
R_2RUEx4aAUBTLbxV,Default Response Set,Anonymous,,,192.160.130.14,0,2016-02-29 11:35,2016-02-29 11:37,1,dBkvJWWnppXkwvRnw,dBkvJWWnppXkwvRnw,,,,,,,,,0,1,0,2,0,3,,,0,1,0,3,,,0,2,,,,,,,,,0,3,,,,,,,,,0,1,0,2,,,,,,,,,0,3,,,0,1,0,2,,,0,2,0,1,,,,,,,,,,,0,3,40.7276001,-73.63439941,-1
R_2cA532k19wJwDCx,Default Response Set,Anonymous,,,190.101.13.190,0,2016-02-29 13:19,2016-02-29 13:22,1,2HF6FqEczphrX2Bid,2HF6FqEczphrX2Bid,,,,,,,,,0,2,,,0,1,0,3,0,1,,,0,3,,,,,,,0,2,,,,,,,,,,,0,2,,,0,1,0,3,,,,,0,3,,,,,,,0,2,0,1,0,1,,,0,2,,,,,,,,,0,3,-33.44999695,-70.66670227,-1
R_3r62JU3kNoIAkcV,Default Response Set,Anonymous,,,32.212.53.252,0,2016-02-29 18:05,2016-02-29 18:06,1,XgZraYjGuDarzP3r7,XgZraYjGuDarzP3r7,,,,,0,1,,,0,3,,,0,2,,,0,1,0,2,,,,,,,,,0,3,,,,,,,0,1,,,0,3,,,0,2,,,0,3,,,0,1,,,0,2,,,,,,,0,2,0,1,,,,,,,,,,,0,3,41.30940247,-72.9240036,-1
R_1IafVIyqbxamuf0,Default Response Set,Anonymous,,,216.165.126.51,0,2016-02-29 18:24,2016-02-29 18:26,1,PqWLTxemD9c69esfF,PqWLTxemD9c69esfF,,,,,0,2,,,0,3,,,0,1,,,0,1,,,0,3,,,,,,,0,2,,,0,1,,,0,3,,,,,,,0,2,,,,,,,0,3,,,,,,,0,1,0,2,0,2,0,1,,,,,,,,,0,3,,,40.74490356,-73.97820282,-1
R_BwVA8wEjq255noZ,Default Response Set,Anonymous,,,75.73.191.118,0,2016-03-01 1:39,2016-03-01 1:41,1,za7LyLyEjai9LEXHc,za7LyLyEjai9LEXHc,,,,,0,2,,,,,,,0,1,0,3,0,1,0,2,,,,,,,,,,,0,3,,,,,0,2,,,,,,,0,1,0,3,,,,,0,2,,,,,,,0,1,0,3,0,2,0,1,0,3,,,,,,,,,,,44.87449646,-93.37519836,-1
R_0TD7axk0xge4WuB,Default Response Set,Anonymous,,,184.100.73.212,0,2016-03-01 4:21,2016-03-01 4:26,1,PmfEWQEeSM8RQm9sL,PmfEWQEeSM8RQm9sL,,,,,0,2,,,0,1,,,0,3,,,,,0,1,,,,,0,3,,,0,2,,,,,,,0,3,,,0,1,,,0,2,,,,,,,0,3,,,0,1,,,0,2,,,0,2,0,1,,,,,,,,,0,3,,,44.87680054,-93.47660065,-1
R_ezVAsh9GnVXpyGl,Default Response Set,Anonymous,,,27.130.7.74,0,2016-03-01 5:35,2016-03-01 5:45,1,wZbv3M3dFcDzAi36e,wZbv3M3dFcDzAi36e,,,0,3,,,,,,,,,0,2,0,1,0,1,0,2,,,,,,,,,0,3,,,,,0,3,,,,,0,2,,,0,1,,,0,2,0,1,,,,,,,,,0,3,,,0,1,0,2,,,,,,,,,,,0,3,13.85830688,100.468811,-1
R_3LbgLbXVMFTfx9b,Default Response Set,Anonymous,,,67.88.78.226,0,2016-03-01 9:30,2016-03-01 9:33,1,LpifnQpyoAC96S573,LpifnQpyoAC96S573,,,0,3,,,,,0,2,,,0,1,,,0,2,0,1,,,,,,,,,0,3,,,,,0,2,,,,,0,3,,,0,1,,,,,0,3,,,,,0,2,,,0,1,,,0,2,0,1,,,,,,,,,0,3,,,29.68069458,-95.43109894,-1
R_1giGZ3b91J1OvBc,Default Response Set,Anonymous,,,118.8.74.73,0,2016-03-01 10:01,2016-03-01 10:05,1,pnco6QuR9SNdHu77x,pnco6QuR9SNdHu77x,0,1,,,0,2,,,,,,,0,3,,,0,1,0,2,0,3,,,,,,,,,,,0,1,,,0,2,,,,,,,0,3,,,0,1,,,0,2,,,,,,,0,3,,,0,1,0,2,0,3,,,,,,,,,,,35.68499756,139.7514038,-1
R_PzzalmCKTov5Lt7,Default Response Set,Anonymous,,,68.186.180.66,0,2016-03-01 11:12,2016-03-01 11:15,1,NLM74X7BawyDFny4v,NLM74X7BawyDFny4v,,,,,,,,,,,0,2,0,1,0,3,0,2,,,,,,,0,3,,,0,1,,,,,,,,,,,0,3,0,2,0,1,,,,,,,,,,,0,2,0,3,0,1,,,,,,,,,,,0,3,0,2,0,1,,,32.44709778,-86.2519989,-1
R_3EnZSh2dzAfPBXn,Default Response Set,Anonymous,,,104.153.227.165,0,2016-03-01 11:11,2016-03-01 11:32,1,xnnYT3aWf6eE4Q6y9,xnnYT3aWf6eE4Q6y9,0,1,,,,,0,2,0,3,,,,,,,0,2,,,0,3,,,,,,,0,1,,,,,,,0,3,,,0,2,0,1,,,,,,,,,0,1,,,,,0,2,0,3,,,,,,,,,0,3,0,2,0,1,,,,,41.8500061,-87.65000153,-1
R_2SC4FiDG3D6JRTn,Default Response Set,Anonymous,,,160.39.82.207,0,2016-03-01 11:34,2016-03-01 11:36,1,DyGdnuktRvCnzAwJi,DyGdnuktRvCnzAwJi,,,,,,,,,0,2,0,3,0,1,,,0,1,,,,,,,0,2,,,,,0,3,,,,,,,,,,,0,2,0,1,0,3,,,,,,,,,,,0,2,0,1,0,3,0,1,0,2,,,,,,,,,,,0,3,40.80059814,-73.96530151,-1
R_233NhB2FuU9MO6Z,Default Response Set,Anonymous,,,104.173.249.5,0,2016-03-01 12:17,2016-03-01 12:18,1,XCDm5KKWWLKo82ig8,XCDm5KKWWLKo82ig8,0,2,0,1,,,,,,,,,,,0,3,0,1,0,2,,,,,,,,,,,0,3,,,0,1,,,,,,,,,0,2,0,3,0,2,0,1,,,,,,,,,,,0,3,0,2,0,1,0,3,,,,,,,,,,,34.02909851,-118.3992996,-1
R_3gRfpC8GFKcX8XH,Default Response Set,Anonymous,,,129.133.44.206,0,2016-03-01 13:23,2016-03-01 13:25,1,usYEPKufrajuNF47i,usYEPKufrajuNF47i,,,,,0,1,,,0,2,,,0,3,,,0,1,0,2,,,,,,,,,0,3,,,,,,,0,1,,,0,2,,,0,3,,,0,3,,,,,,,0,2,,,0,1,,,,,0,1,0,3,,,,,,,0,2,,,41.5565033,-72.65820313,-1
R_3yEsRliwCEMvfax,Default Response Set,Anonymous,,,104.2.77.5,0,2016-03-01 15:42,2016-03-01 15:45,1,K3ZMCWFyEZDHrTyJs,K3ZMCWFyEZDHrTyJs,0,2,,,0,1,,,0,3,,,,,,,,,0,2,,,,,0,3,,,,,0,1,0,3,,,,,,,0,2,,,0,1,,,0,3,0,2,,,,,0,1,,,,,,,0,1,0,2,,,,,,,,,,,0,3,37.77720642,-122.493103,-1
R_zSRTPftTGKY6o4F,Default Response Set,Anonymous,,,96.2.182.101,0,2016-03-01 17:29,2016-03-01 17:30,1,8RWtRBznZwaQXtTjy,8RWtRBznZwaQXtTjy,,,,,,,,,0,1,0,2,0,3,,,,,,,0,3,,,,,0,2,0,1,,,,,,,0,2,,,,,0,1,0,3,,,,,,,0,2,,,,,0,1,0,3,,,,,,,,,0,3,,,0,1,0,2,,,48.2230072,-103.7070999,-1
R_vrbxb64zjL5AfDj,Default Response Set,Anonymous,,,73.242.78.59,0,2016-03-01 17:30,2016-03-01 17:33,1,9n5EpvJB2WfCAocg2,9n5EpvJB2WfCAocg2,,,0,3,,,,,0,1,,,0,2,,,0,1,0,2,0,3,,,,,,,,,,,,,0,1,,,,,0,3,,,0,2,,,,,0,1,,,,,0,3,,,0,2,,,,,0,1,,,,,0,2,,,0,3,,,44.95550537,-93.16699982,-1
R_3QDg5VQQekg62mY,Default Response Set,Anonymous,,,160.39.203.218,0,2016-03-01 18:11,2016-03-01 18:14,1,7pCqtPS3WupS8an42,7pCqtPS3WupS8an42,,,0,1,0,2,,,0,3,,,,,,,0,1,0,2,0,3,,,,,,,,,,,0,2,0,3,,,,,,,,,0,1,,,0,2,,,,,,,0,3,,,0,1,,,0,3,,,0,1,,,,,,,0,2,,,40.80059814,-73.96530151,-1
R_2f6Tdv0IM5cAYY9,Default Response Set,Anonymous,,,24.148.75.193,0,2016-03-01 18:53,2016-03-01 18:56,1,HzyJf3ecpepyFffL9,HzyJf3ecpepyFffL9,,,,,0,2,,,,,0,1,0,3,,,0,2,,,0,3,,,,,0,1,,,,,,,,,0,2,,,,,0,1,0,3,,,,,,,0,3,,,,,0,1,0,2,,,0,1,0,2,,,,,,,,,,,0,3,41.97279358,-87.66159821,-1
R_b4wv3Ofc3gbd693,Default Response Set,Anonymous,,,65.78.29.167,0,2016-03-01 23:22,2016-03-01 23:24,1,TYLSC3JKidf2ijqLa,TYLSC3JKidf2ijqLa,,,,,0,1,,,0,2,,,0,3,,,,,,,0,1,,,0,3,,,0,2,,,,,,,0,2,,,0,3,,,0,1,,,,,,,0,1,,,0,3,,,0,2,,,0,2,,,0,1,,,,,,,0,3,,,40.81159973,-73.95300293,-1
R_1P6vbWnDXOKA0s9,Default Response Set,Anonymous,,,49.1.194.87,0,2016-03-02 4:53,2016-03-02 4:55,1,RMo96PZASrs7J7ShD,RMo96PZASrs7J7ShD,0,1,0,3,,,,,0,2,,,,,,,0,1,0,3,0,2,,,,,,,,,,,0,1,,,,,,,0,2,,,0,3,,,0,1,,,,,,,0,3,,,0,2,,,0,1,0,2,,,,,0,3,,,,,,,37.59849548,126.978302,-1
R_3n8H7A95D08vlSE,Default Response Set,Anonymous,,,23.115.117.28,0,2016-03-02 6:25,2016-03-02 6:27,1,zr6MbzW9igA4q3Bpk,zr6MbzW9igA4q3Bpk,0,3,0,1,,,,,,,,,,,0,2,0,1,0,2,,,,,,,,,,,0,3,0,1,0,2,,,,,,,,,,,0,3,0,2,0,1,,,,,,,,,,,0,3,0,1,0,2,,,,,,,,,,,0,3,41.74029541,-87.65399933,-1
R_3jdshEfcm9q5gIj,Default Response Set,Anonymous,,,67.88.78.226,0,2016-03-02 10:21,2016-03-02 10:22,1,8AFCu9YsQmR2WDkrk,8AFCu9YsQmR2WDkrk,,,0,1,,,,,0,2,,,0,3,,,0,1,0,2,,,,,,,,,0,3,,,,,,,0,2,,,0,1,,,,,0,3,0,3,,,,,,,0,1,,,0,2,,,,,0,3,0,2,,,0,1,,,,,,,29.68069458,-95.43109894,-1
R_3pfdFiAYXnSQMym,Default Response Set,Anonymous,,,72.69.101.110,0,2016-03-02 14:54,2016-03-02 14:58,1,FK4Hu9RZqcpEHNEsT,FK4Hu9RZqcpEHNEsT,0,3,,,,,,,,,0,2,0,1,,,0,3,,,,,,,,,0,2,0,1,,,0,3,,,,,,,,,0,2,0,1,,,0,3,,,,,,,,,0,2,0,1,,,0,3,,,,,,,,,0,2,0,1,,,41.08369446,-73.83969879,-1
R_129Z5w9W2fwh9GF,Default Response Set,Anonymous,,,24.151.10.108,0,2016-03-02 20:13,2016-03-02 20:15,1,kzsfFDBTiA8Hm5zG8,kzsfFDBTiA8Hm5zG8,,,,,0,3,,,0,2,,,0,1,,,0,2,0,3,,,,,,,,,0,1,,,,,,,0,3,,,0,2,,,0,1,,,,,0,3,0,1,,,,,,,0,2,,,,,0,3,0,1,,,,,,,0,2,,,41.3946991,-73.31420135,-1
R_2rSE65KTI2Vqv5h,Default Response Set,Anonymous,,,108.14.176.54,0,2016-03-02 22:56,2016-03-02 22:58,1,zBGtTaoT9NXXoiDCo,zBGtTaoT9NXXoiDCo,0,3,0,2,,,,,,,,,,,0,1,0,2,0,1,,,,,,,,,,,0,3,,,0,2,,,,,0,1,,,,,0,3,0,1,0,2,,,,,,,,,,,0,3,0,1,0,2,,,,,,,,,,,0,3,40.76220703,-73.91210175,-1
R_DMmyoHcYd4A5TUd,Default Response Set,Anonymous,,,14.192.210.23,0,2016-03-04 1:42,2016-03-04 1:45,1,5FeAYE9ht2bBCK8Lk,5FeAYE9ht2bBCK8Lk,0,3,,,,,,,0,1,,,0,2,,,,,0,3,,,,,0,1,,,0,2,,,,,0,3,0,2,,,0,1,,,,,,,0,3,,,,,,,0,1,,,0,2,,,,,,,0,2,,,0,3,,,0,1,,,3.104202271,101.612793,-1
R_diqLWnmkXPvfux3,Default Response Set,Anonymous,,,124.82.24.21,0,2016-03-04 1:52,2016-03-04 1:54,1,ppT2KoixinaKc9zLD,ppT2KoixinaKc9zLD,,,,,0,2,,,,,,,0,1,0,3,0,1,0,2,0,3,,,,,,,,,,,,,,,0,1,,,,,,,0,2,0,3,,,,,0,1,,,0,2,,,,,0,3,0,1,0,2,0,3,,,,,,,,,,,3.075698853,101.619812,-1
R_1JFWyTG9BHZiN9g,Default Response Set,Anonymous,,,4.31.42.210,0,2016-03-04 8:20,2016-03-04 8:21,1,J2cummHqPe6hMCzQa,J2cummHqPe6hMCzQa,,,,,0,2,,,0,3,,,0,1,,,,,,,0,1,,,0,2,,,0,3,,,,,,,0,1,,,0,2,,,0,3,,,,,,,0,1,,,0,3,,,0,2,,,,,,,0,1,,,0,2,,,0,3,,,40.81159973,-73.95300293,-1
R_3dWHndETFlzH5JI,Default Response Set,Anonymous,,,104.129.88.154,0,2016-03-04 12:38,2016-03-04 12:40,1,TmShwF9bwp277DCmb,TmShwF9bwp277DCmb,,,0,3,0,2,,,,,,,0,1,,,0,1,0,2,,,,,,,,,0,3,,,0,2,0,3,,,,,,,,,0,1,,,0,2,0,3,,,,,,,,,0,1,,,0,2,0,1,0,3,,,,,,,,,,,40.74209595,-74.00180054,-1
R_2sJGkG17A0Bz5ex,Default Response Set,Anonymous,,,74.66.75.161,0,2016-03-05 7:50,2016-03-05 7:52,1,XXfq2mbXgiwoevAzb,XXfq2mbXgiwoevAzb,,,0,1,0,2,,,0,3,,,,,,,0,2,0,1,0,3,,,,,,,,,,,,,0,1,0,3,,,,,,,0,2,,,,,0,1,,,,,0,2,,,0,3,,,0,1,0,2,,,,,0,3,,,,,,,40.73170471,-73.9885025,-1
R_2fBCEHScTDijyI2,Default Response Set,Anonymous,,,203.113.58.223,0,2016-03-05 9:37,2016-03-05 9:40,1,dnjt4zkQjoZRiipyw,dnjt4zkQjoZRiipyw,,,,,0,3,,,0,1,,,0,2,,,,,,,0,3,,,0,2,,,0,1,,,,,,,0,2,,,,,0,3,0,1,,,,,,,0,2,,,0,1,,,0,3,,,0,2,,,0,1,,,,,,,0,3,,,13.91670227,100.5,-1
R_3j0TV9PJaPFVMEs,Default Response Set,Anonymous,,,50.186.241.117,0,2016-03-05 9:44,2016-03-05 9:46,1,A4p7aBR98rJFBJaEL,A4p7aBR98rJFBJaEL,,,0,2,,,0,1,,,,,,,0,3,0,2,,,0,3,,,0,1,,,,,,,,,0,3,,,0,1,,,,,,,0,2,,,0,3,,,0,2,,,,,,,0,1,0,1,,,0,2,,,,,,,,,0,3,27.07749939,-80.25869751,-1
R_866M009pNF4SfER,Default Response Set,Anonymous,,,122.24.8.101,0,2016-03-05 9:53,2016-03-05 9:54,1,BefdwBcYMvaHfGgwn,BefdwBcYMvaHfGgwn,0,3,0,2,,,0,1,,,,,,,,,0,3,0,2,0,1,,,,,,,,,,,0,3,0,2,0,1,,,,,,,,,,,0,1,0,3,0,2,,,,,,,,,,,0,3,0,1,0,2,,,,,,,,,,,35.68499756,139.7514038,-1
R_1oHod9DhAnaXlSk,Default Response Set,Anonymous,,,130.132.173.163,0,2016-03-05 10:33,2016-03-05 10:37,1,oD7a6GFkarvp84PRt,oD7a6GFkarvp84PRt,,,0,3,,,,,,,0,2,0,1,,,0,2,0,1,,,,,,,0,3,,,,,0,3,,,,,,,,,0,2,0,1,,,0,3,,,,,,,,,0,2,0,1,,,,,,,0,1,,,,,0,3,0,2,,,41.30940247,-72.9240036,-1
R_1OSPy1EDGaBwROS,Default Response Set,Anonymous,,,24.107.9.215,0,2016-03-05 23:14,2016-03-05 23:15,1,trErkp8jGhzNAdEsC,trErkp8jGhzNAdEsC,,,0,2,0,3,,,,,,,0,1,,,0,2,0,1,0,3,,,,,,,,,,,,,0,2,0,3,,,,,,,0,1,,,,,0,3,,,,,0,1,,,0,2,,,0,2,0,1,0,3,,,,,,,,,,,38.66569519,-90.32309723,-1
R_1FQUtnvwWWg1DWJ,Default Response Set,Anonymous,,,24.148.80.138,0,2016-03-06 9:09,2016-03-06 9:10,1,fQW4FvoD7YJtY65Xj,fQW4FvoD7YJtY65Xj,0,3,,,0,2,,,,,,,0,1,,,0,3,,,0,1,,,,,,,0,2,,,0,2,,,0,1,,,,,,,0,3,,,0,2,,,0,1,,,,,,,0,3,,,0,2,,,0,1,,,,,,,0,3,,,41.98429871,-87.66349792,-1
R_1ieoLl9m7lHEGWk,Default Response Set,Anonymous,,,18.189.86.68,0,2016-03-06 9:47,2016-03-06 9:49,1,XjQr98bXFF7M3ndcy,XjQr98bXFF7M3ndcy,,,,,0,2,,,,,,,0,3,0,1,,,,,0,2,,,0,3,,,,,0,1,0,2,,,0,3,,,,,,,0,1,,,,,,,,,,,0,3,,,0,2,0,1,0,1,,,,,,,0,3,,,0,2,,,42.36459351,-71.10279846,-1
R_064yRsoUUb4p94t,Default Response Set,Anonymous,,,162.198.205.227,0,2016-03-06 9:54,2016-03-06 9:57,1,5TdrRvXeviEEB2782,5TdrRvXeviEEB2782,,,0,2,0,3,,,,,,,0,1,,,0,1,,,0,3,0,2,,,,,,,,,0,3,,,,,0,2,,,,,0,1,,,0,2,,,,,0,3,,,,,0,1,,,0,1,0,2,,,0,3,,,,,,,,,35.64610291,-78.57910156,-1
R_W9eeOBKmzgIQpt7,Default Response Set,Anonymous,,,69.140.39.170,0,2016-03-06 10:03,2016-03-06 10:06,1,ozofPi8aj5tyaT4eg,ozofPi8aj5tyaT4eg,0,2,,,0,3,,,,,,,0,1,,,0,2,,,0,3,,,,,,,0,1,,,0,2,,,0,3,,,,,,,0,1,,,0,2,,,0,3,,,,,,,0,1,,,0,1,0,2,,,,,,,,,0,3,,,39.00320435,-77.16020203,-1
R_1i4C5xjdDptYDvh,Default Response Set,Anonymous,,,108.48.84.194,0,2016-03-06 10:44,2016-03-06 10:46,1,gouSf322Wfbff39Ry,gouSf322Wfbff39Ry,,,,,0,3,,,0,1,,,0,2,,,0,2,0,1,,,,,,,,,0,3,,,,,0,3,,,,,0,2,,,0,1,,,,,0,1,,,,,0,3,,,0,2,,,0,1,,,0,3,,,,,,,0,2,,,38.43359375,-77.38870239,-1
R_d6x7tJFVDOd0w01,Default Response Set,Anonymous,,,72.228.48.216,0,2016-03-06 11:07,2016-03-06 11:10,1,zHSLFZ2ThvDD5HYzx,zHSLFZ2ThvDD5HYzx,0,3,,,0,2,,,,,,,0,1,,,0,3,,,0,2,,,,,,,0,1,,,0,1,0,3,,,,,,,,,0,2,,,0,1,,,0,3,,,,,,,0,2,,,0,2,0,1,,,,,,,,,0,3,,,43.35229492,-73.68979645,-1
R_scd7DmpN2He51kt,Default Response Set,Anonymous,,,207.38.170.4,0,2016-03-06 13:40,2016-03-06 13:43,1,nxAYw9WDEpZEActyW,nxAYw9WDEpZEActyW,,,,,0,1,,,0,2,,,,,0,3,0,2,0,1,,,,,,,,,,,0,3,,,,,0,2,,,0,1,,,,,0,3,,,,,0,2,,,0,1,,,,,0,3,0,1,0,2,0,3,,,,,,,,,,,40.77920532,-73.90699768,-1
R_qLxmFSEPnD6TIvn,Default Response Set,Anonymous,,,108.26.114.242,0,2016-03-06 14:06,2016-03-06 14:08,1,sRnsZm6AXGfuFXaBL,sRnsZm6AXGfuFXaBL,0,2,,,0,3,,,,,,,,,0,1,0,1,,,,,,,0,2,,,,,0,3,,,0,2,,,0,1,0,3,,,,,,,,,,,,,0,2,0,1,,,0,3,,,,,0,3,0,2,0,1,,,,,,,,,36.99040222,-76.42169952,-1
R_22sIWUzF9HE0zY9,Default Response Set,Anonymous,,,24.90.80.176,0,2016-03-06 19:03,2016-03-06 19:05,1,EK5MKqzgwbKp4H3b3,EK5MKqzgwbKp4H3b3,,,0,2,0,3,,,,,,,0,1,,,0,2,,,0,1,,,,,,,0,3,,,0,3,0,2,,,,,,,,,0,1,,,0,3,,,0,2,,,,,,,0,1,,,0,2,0,1,,,,,,,,,0,3,,,40.71429443,-74.0059967,-1
R_3Po7a8gDNUfQMcr,Default Response Set,Anonymous,,,211.36.137.218,0,2016-03-06 21:22,2016-03-06 21:24,1,qgdrKE9jGNxfQQS8Z,qgdrKE9jGNxfQQS8Z,,,0,3,,,,,,,0,1,0,2,,,,,0,3,,,,,,,0,1,0,2,,,,,0,3,,,,,,,0,1,0,2,,,,,0,1,0,2,,,,,,,0,3,,,,,,,0,3,,,,,0,1,0,2,,,37.59849548,126.978302,-1
R_115QZ2bhmHOCMBG,Default Response Set,Anonymous,,,136.62.2.226,0,2016-03-06 21:24,2016-03-06 21:27,1,7WepedTffMwj4827y,7WepedTffMwj4827y,,,,,,,0,2,0,1,,,,,0,3,0,1,0,2,,,,,,,,,,,0,3,,,,,0,3,0,2,,,,,,,0,1,,,,,,,0,2,,,,,0,3,0,1,,,0,3,,,0,2,,,,,,,0,1,30.26719666,-97.74310303,-1
R_2Sfzv1En63zWMzK,Default Response Set,Anonymous,,,50.134.33.156,0,2016-03-06 21:55,2016-03-06 21:59,1,qXjSPCjisfJ95eEvt,qXjSPCjisfJ95eEvt,,,0,2,,,,,0,1,,,,,0,3,0,2,0,1,,,,,,,,,,,0,3,,,0,2,,,,,0,1,,,,,0,3,,,,,,,,,0,2,,,0,1,0,3,0,2,0,1,,,,,,,,,0,3,,,37.55769348,-77.37689972,-1
R_2P1fNmIEiZAXlLn,Default Response Set,Anonymous,,,103.9.32.180,0,2016-03-07 0:12,2016-03-07 0:15,1,rzgwdpdiJDSxYGZnA,rzgwdpdiJDSxYGZnA,,,0,3,,,,,,,0,1,0,2,,,0,2,,,,,,,,,0,3,0,1,,,,,0,3,,,,,,,0,1,0,2,,,,,0,3,,,,,,,0,1,0,2,,,0,2,,,,,,,,,0,1,0,3,,,37.59849548,126.978302,-1
R_3MRL75spGiwLenR,Default Response Set,Anonymous,,,172.74.228.71,0,2016-03-07 8:05,2016-03-07 8:07,1,J4zEKsDmhBZRemQxx,J4zEKsDmhBZRemQxx,,,,,0,2,,,,,0,3,0,1,,,0,3,,,0,2,,,,,,,0,1,,,0,3,,,0,2,,,,,,,0,1,,,0,2,,,0,3,,,,,,,0,1,,,0,2,,,0,3,,,,,,,0,1,,,33.90750122,-81.23010254,-1
R_9sjUn1sYeJb35QJ,Default Response Set,Anonymous,,,71.235.29.234,0,2016-03-07 8:13,2016-03-07 8:15,1,L4YKzb3s57NWd6NAv,L4YKzb3s57NWd6NAv,,,,,0,3,,,,,,,0,1,0,2,0,2,,,0,1,0,3,,,,,,,,,,,,,,,,,0,2,,,0,1,0,3,0,2,,,,,,,0,3,,,0,1,,,0,1,,,0,2,,,0,3,,,,,,,42.38279724,-71.09549713,-1
R_1Kd9fEnEQ7CXVlp,Default Response Set,Anonymous,,,96.224.230.59,0,2016-03-07 8:52,2016-03-07 8:54,1,H4f5GuygEFHZk35Nx,H4f5GuygEFHZk35Nx,,,0,1,,,,,0,3,,,,,0,2,0,3,0,1,0,2,,,,,,,,,,,0,2,0,3,,,,,,,0,1,,,,,0,3,0,1,,,,,0,2,,,,,,,0,1,0,2,,,,,,,,,,,0,3,40.62519836,-73.9457016,-1
R_3sp5oUSlI20Ia9y,Default Response Set,Anonymous,,,58.89.19.116,0,2016-03-07 11:03,2016-03-07 11:05,1,3Scv4Lh7AfesJPwhd,3Scv4Lh7AfesJPwhd,,,,,0,3,,,0,1,,,0,2,,,0,3,0,2,,,0,1,,,,,,,,,,,,,0,3,,,0,1,,,0,2,,,0,2,,,0,1,,,,,,,0,3,,,0,2,,,,,0,3,,,,,0,1,,,35.68499756,139.7514038,-1
R_3scCBGaCIhbOPR8,Default Response Set,Anonymous,,,74.65.248.55,0,2016-03-07 12:18,2016-03-07 12:22,1,eBK9ZbEMsYZr4qvN5,eBK9ZbEMsYZr4qvN5,,,,,0,3,,,0,1,,,0,2,,,,,,,0,1,,,0,3,,,0,2,,,,,0,3,,,,,0,2,,,0,1,,,,,,,0,3,,,0,2,,,0,1,,,0,3,,,0,1,,,,,,,0,2,,,40.73950195,-73.79389954,-1
R_1pVCpLD6XHZafCo,Default Response Set,Anonymous,,,67.168.135.76,0,2016-03-07 12:51,2016-03-07 12:53,1,3JMeDjgsrTwoAgacu,3JMeDjgsrTwoAgacu,0,1,,,,,,,0,2,,,,,0,3,0,2,,,0,1,,,,,,,,,0,3,0,2,,,0,3,,,,,,,,,0,1,0,1,0,2,,,,,,,,,,,0,3,0,1,0,3,0,2,,,,,,,,,,,47.63439941,-122.3422012,-1
R_1nT53ysJXrg7hl3,Default Response Set,Anonymous,,,64.83.202.194,0,2016-03-07 14:50,2016-03-07 14:52,1,KM8aPtzLYKjy9Wd6r,KM8aPtzLYKjy9Wd6r,,,0,1,,,,,0,2,,,0,3,,,0,3,0,2,,,0,1,,,,,,,,,,,0,1,0,2,,,,,,,0,3,,,0,2,0,1,,,,,,,,,0,3,,,0,1,0,2,,,,,,,,,0,3,,,46.76049805,-92.2641983,-1
R_2sXyh7k0Bu90ipa,Default Response Set,Anonymous,,,50.153.129.5,0,2016-03-07 15:22,2016-03-07 15:25,1,BynvkWSwo2taRoXrX,BynvkWSwo2taRoXrX,0,2,,,,,,,0,1,,,,,0,3,0,2,0,1,,,,,,,,,,,0,3,0,3,,,,,,,0,1,,,0,2,,,0,3,,,,,,,0,1,,,0,2,,,0,1,0,2,,,,,,,,,,,0,3,42.2848053,-71.07409668,-1
R_1rGPNOSWSLkDJmQ,Default Response Set,Anonymous,,,204.29.102.155,0,2016-03-07 17:36,2016-03-07 17:38,1,Wsfum3agWhXQX8CXx,Wsfum3agWhXQX8CXx,,,,,0,3,,,,,0,2,0,1,,,,,,,0,2,,,,,0,3,0,1,,,,,,,0,3,,,,,0,2,0,1,,,,,,,0,2,,,,,0,3,0,1,,,0,1,0,2,,,,,,,,,0,3,,,34.86999512,-87.70690155,-1
R_vqvyS4k4bnkfbah,Default Response Set,Anonymous,,,189.130.13.105,0,2016-03-07 18:05,2016-03-07 18:07,1,wLGnCDxPy8oExZXAx,wLGnCDxPy8oExZXAx,,,,,0,2,,,0,3,,,0,1,,,,,,,0,2,,,0,3,,,0,1,,,,,,,0,2,,,0,3,,,0,1,,,,,,,0,2,,,0,3,,,0,1,,,0,2,,,,,,,0,3,,,0,1,,,17.05000305,-96.71669769,-1
R_23WVaXEeZissDYO,Default Response Set,Anonymous,,,68.9.166.248,0,2016-03-07 18:43,2016-03-07 18:44,1,Zni6Soax4z3GW8Df2,Zni6Soax4z3GW8Df2,,,,,,,,,0,1,0,2,,,0,3,0,2,0,1,,,,,,,,,,,0,3,,,,,,,,,0,1,,,0,2,0,3,,,,,,,,,0,1,,,0,2,0,3,0,2,0,1,,,,,,,,,,,0,3,41.7769928,-72.52359772,-1
R_3O3axKZD9HOoRbG,Default Response Set,Anonymous,,,157.191.2.68,0,2016-03-07 21:09,2016-03-07 21:12,1,Q8rabz9pmuEnvSaoN,Q8rabz9pmuEnvSaoN,,,,,,,,,0,3,,,0,1,0,2,0,1,,,,,,,,,,,0,2,0,3,0,2,,,,,,,,,,,0,1,0,3,0,3,,,,,,,,,,,0,1,0,2,0,1,0,3,0,2,,,,,,,,,,,40.75880432,-73.96800232,-1
R_3KTOXUteGXzLpPc,Default Response Set,Anonymous,,,147.46.6.124,0,2016-03-08 0:49,2016-03-08 0:51,1,XEFQSfMA4Np9cuPw7,XEFQSfMA4Np9cuPw7,,,0,3,,,,,0,1,,,,,0,2,0,1,,,0,3,,,,,,,,,0,2,,,,,,,,,0,1,,,0,2,0,3,,,,,,,,,0,2,,,0,1,0,3,0,1,0,3,,,,,,,,,,,0,2,37.59849548,126.978302,-1
R_1q2hZnJ1QoY2zQZ,Default Response Set,Anonymous,,,174.44.194.59,0,2016-03-08 2:36,2016-03-08 2:38,1,db7vBSrm7682SAdgu,db7vBSrm7682SAdgu,0,3,,,,,,,,,,,0,1,0,2,0,1,0,2,,,,,,,,,,,0,3,0,3,,,,,,,,,,,0,1,0,2,0,1,,,0,3,,,,,,,0,2,,,0,1,0,2,,,,,,,,,,,0,3,40.66430664,-73.91500092,-1
R_1mIW0AYoiZYI9H5,Default Response Set,Anonymous,,,24.62.163.231,0,2016-03-08 9:32,2016-03-08 9:33,1,qTogdieYhMcvruSAz,qTogdieYhMcvruSAz,,,0,3,0,2,,,,,,,0,1,,,,,0,3,0,2,,,,,,,0,1,,,,,0,3,0,2,,,,,,,0,1,,,,,0,3,0,2,,,,,,,0,1,,,,,0,2,0,3,,,,,,,0,1,,,43.01390076,-71.43520355,-1
R_2VfDEAywL2bsAMq,Default Response Set,Anonymous,,,98.239.227.91,0,2016-03-08 9:33,2016-03-08 9:35,1,z5RvEc5BoDxBiH3iy,z5RvEc5BoDxBiH3iy,0,1,,,,,,,0,3,,,0,2,,,0,1,,,0,2,,,,,,,0,3,,,,,0,3,,,,,,,0,2,0,1,,,0,1,,,,,,,0,3,,,0,2,,,0,1,0,3,0,2,,,,,,,,,,,40.15820313,-80.25530243,-1
R_exNASneTrjh1YmB,Default Response Set,Anonymous,,,64.132.177.45,0,2016-03-08 9:35,2016-03-08 9:38,1,kr7Pu2RZwAfTs2CKX,kr7Pu2RZwAfTs2CKX,0,1,,,0,3,,,,,,,0,2,,,0,3,,,0,2,,,,,,,0,1,,,0,2,0,3,,,,,,,,,0,1,,,0,1,,,0,2,,,,,,,0,3,,,0,1,,,0,3,,,,,,,0,2,,,42.1651001,-76.00479889,-1
R_27v4lC8cMvVQbDS,Default Response Set,Anonymous,,,208.108.81.45,0,2016-03-08 9:41,2016-03-08 9:42,1,KhryLZQ5TvoZre7Wq,KhryLZQ5TvoZre7Wq,0,2,,,,,,,,,,,0,1,0,3,0,2,0,1,,,,,,,,,,,0,3,,,0,1,,,,,,,,,0,3,0,2,,,0,2,,,,,,,,,0,1,0,3,0,1,0,2,,,,,,,,,,,0,3,41.44850159,-82.01860046,-1
R_bHg1bz8PXd75IE9,Default Response Set,Anonymous,,,75.181.41.174,0,2016-03-08 9:54,2016-03-08 9:55,1,ZB5o3tfWNxeqjrk9A,ZB5o3tfWNxeqjrk9A,0,1,0,3,,,,,,,,,0,2,,,0,2,0,1,0,3,,,,,,,,,,,0,2,0,1,0,3,,,,,,,,,,,0,3,0,2,,,,,,,,,0,1,,,0,2,0,1,0,3,,,,,,,,,,,35.12319946,-80.93430328,-1
R_viViEvM06fYmDsZ,Default Response Set,Anonymous,,,50.251.194.81,0,2016-03-08 10:20,2016-03-08 10:21,1,SPtAAc7NJbzx6HGnv,SPtAAc7NJbzx6HGnv,0,2,,,0,3,,,,,,,0,1,,,0,2,,,,,,,0,3,,,0,1,,,0,2,,,0,3,,,,,,,0,1,,,0,1,,,0,3,,,,,,,0,2,,,0,1,0,3,,,,,,,,,0,2,,,47.10319519,-122.8648987,-1
R_24w8GtvOs6nBBkG,Default Response Set,Anonymous,,,108.171.130.168,0,2016-03-08 10:25,2016-03-08 10:26,1,RiaXcXZD8EMe3D675,RiaXcXZD8EMe3D675,0,1,0,2,0,3,,,,,,,,,,,0,1,0,2,,,,,,,,,0,3,,,,,,,0,3,,,0,2,,,0,1,,,0,2,,,0,1,,,,,,,0,3,,,0,1,0,3,0,2,,,,,,,,,,,40.78010559,-74.06330109,-1
R_3dYyd9dCXujXHUe,Default Response Set,Anonymous,,,68.114.220.220,0,2016-03-08 10:38,2016-03-08 10:40,1,WWN5DFC5NTCBf5mzm,WWN5DFC5NTCBf5mzm,,,,,0,3,,,0,2,,,0,1,,,,,,,,,,,0,2,0,3,0,1,,,,,,,,,,,0,2,0,3,0,1,,,,,,,0,3,,,0,2,,,0,1,,,,,,,0,3,,,0,2,,,0,1,,,43.19459534,-89.20249939,-1
R_3ezvF8HHD1K8hEM,Default Response Set,Anonymous,,,104.230.92.25,0,2016-03-08 10:40,2016-03-08 10:41,1,cLfpHqBMQyBqJmqZN,cLfpHqBMQyBqJmqZN,,,,,0,2,,,0,3,,,0,1,,,0,3,,,0,2,,,,,,,0,1,,,0,3,,,0,2,,,,,,,0,1,,,0,3,,,0,2,,,,,,,0,1,,,0,3,,,0,2,,,,,,,0,1,,,41.22920227,-80.42440033,-1
R_5h9jen1GrHQsaL7,Default Response Set,Anonymous,,,67.0.149.161,0,2016-03-08 10:55,2016-03-08 10:58,1,kErKZoNcgLDEQLh9h,kErKZoNcgLDEQLh9h,,,0,1,,,,,,,,,0,3,0,2,0,1,0,2,0,3,,,,,,,,,,,,,0,1,,,,,,,0,2,,,0,3,,,0,1,,,,,,,,,0,3,0,2,,,0,2,0,1,0,3,,,,,,,,,35.2467041,-106.7231979,-1
R_1geaXk45R36tJCs,Default Response Set,Anonymous,,,72.19.46.180,0,2016-03-08 11:07,2016-03-08 11:09,1,ANpFmJSXtcMZLsKb7,ANpFmJSXtcMZLsKb7,0,3,0,2,,,,,0,1,,,,,,,0,3,,,0,2,,,0,1,,,,,,,0,3,,,,,0,2,0,1,,,,,,,0,3,,,,,0,2,0,1,,,,,,,0,1,,,,,0,2,0,3,,,,,,,45.20820618,-122.0668945,-1
R_WeWsg4xL0wrXUgV,Default Response Set,Anonymous,,,98.91.2.253,0,2016-03-08 11:11,2016-03-08 11:20,1,RRGteZxa2sZLjy7tF,RRGteZxa2sZLjy7tF,0,2,,,,,,,0,1,,,0,3,,,0,1,,,0,3,,,,,,,0,2,,,0,1,,,,,,,0,2,,,0,3,,,0,3,,,,,,,0,1,,,0,2,,,0,1,,,0,2,,,,,,,0,3,,,32.98779297,-80.00569916,-1
R_1mC3MqHd3eylYAr,Default Response Set,Anonymous,,,24.175.241.52,0,2016-03-08 11:39,2016-03-08 11:49,1,MWawPm7rihwQdSfEc,MWawPm7rihwQdSfEc,0,3,,,0,2,,,,,,,0,1,,,,,0,1,0,3,,,,,,,0,2,,,0,3,,,0,1,,,,,,,0,2,,,0,3,,,0,2,,,,,,,0,1,,,0,3,,,0,1,,,,,,,0,2,,,30.10279846,-94.1740036,-1
R_3JsbWJTwmPc7dpr,Default Response Set,Anonymous,,,152.2.87.211,0,2016-03-08 12:20,2016-03-08 12:28,1,CpCwPvRPuXbcP6cz2,CpCwPvRPuXbcP6cz2,0,1,,,,,,,0,3,,,0,2,,,0,2,,,0,1,,,,,0,3,,,,,0,1,0,2,,,,,,,,,0,3,,,0,1,0,2,0,3,,,,,,,,,,,0,1,,,,,,,0,3,,,0,2,,,36.05250549,-79.10769653,-1
R_3lzCBQDtgeErvGC,Default Response Set,Anonymous,,,71.90.43.25,0,2016-03-08 12:45,2016-03-08 12:47,1,wGaSKjvm4o49LhLrg,wGaSKjvm4o49LhLrg,0,1,,,0,3,,,,,,,0,2,,,0,1,,,0,3,,,,,,,0,2,,,0,1,,,0,3,,,,,,,0,2,,,0,1,,,0,3,,,,,,,0,2,,,,,,,0,2,,,,,,,0,1,0,3,43.13310242,-89.34909821,-1
R_1Du1mHqJZJ6l1k7,Default Response Set,Anonymous,,,160.39.83.57,0,2016-03-08 14:50,2016-03-08 14:52,1,4KFh6N3nNwuJAz9bM,4KFh6N3nNwuJAz9bM,,,0,2,,,,,,,,,0,1,0,3,,,,,0,2,,,,,,,0,1,0,3,,,,,0,2,,,,,,,0,1,0,3,,,,,0,2,,,,,,,0,1,0,3,,,,,0,2,,,,,,,0,1,0,3,40.80059814,-73.96530151,-1
R_w0laSDYOFplrJVT,Default Response Set,Anonymous,,,92.29.84.161,0,2016-03-08 15:13,2016-03-08 15:14,1,2EXM3D2Y33A7MB3o7,2EXM3D2Y33A7MB3o7,0,3,,,0,1,,,0,2,,,,,,,0,3,,,0,2,,,0,1,,,,,,,0,2,,,0,3,,,0,1,,,,,,,0,3,,,0,2,,,0,1,,,,,,,0,2,,,0,1,,,0,3,,,,,,,52.36669922,0.733306885,-1
R_1ou1yrRlCCulWbs,Default Response Set,Anonymous,,,173.174.111.130,0,2016-03-08 16:06,2016-03-08 16:09,1,xPohAATJY45H5Nmhy,xPohAATJY45H5Nmhy,,,,,0,2,,,0,1,,,0,3,,,0,1,0,3,0,2,,,,,,,,,,,,,0,2,,,,,0,1,,,0,3,,,,,0,3,,,,,0,1,,,0,2,,,0,1,0,3,0,2,,,,,,,,,,,30.45640564,-97.69380188,-1
R_3KDeHGW9IgGSD5K,Default Response Set,Anonymous,,,108.4.177.142,0,2016-03-08 17:21,2016-03-08 17:23,1,MLNEv85tZLCBBPkBJ,MLNEv85tZLCBBPkBJ,,,,,0,2,,,,,,,0,1,0,3,,,,,0,2,,,,,,,0,1,0,3,,,,,0,2,,,,,,,0,1,0,3,,,,,0,2,,,,,,,0,1,0,3,0,1,0,2,,,,,,,,,,,0,3,37.31970215,-79.89050293,-1
R_1NgO7z7YhW5J6m4,Default Response Set,Anonymous,,,69.55.158.4,0,2016-03-08 17:24,2016-03-08 17:25,1,yqvi6AycizdfMW67J,yqvi6AycizdfMW67J,0,2,0,1,0,3,,,,,,,,,,,0,2,0,1,0,3,,,,,,,,,,,0,2,0,1,0,3,,,,,,,,,,,0,2,0,1,0,3,,,,,,,,,,,0,2,0,1,0,3,,,,,,,,,,,37.17019653,-93.32969666,-1
R_1LkOSBlkXQHqNH3,Default Response Set,Anonymous,,,71.127.230.11,0,2016-03-08 18:48,2016-03-08 18:51,1,GBR5Ti7uHcvswPGew,GBR5Ti7uHcvswPGew,0,2,,,,,,,0,1,,,0,3,,,0,1,,,0,2,,,0,3,,,,,,,0,3,,,,,,,0,2,,,0,1,,,0,2,,,0,3,,,,,,,0,1,,,0,2,0,3,0,1,,,,,,,,,,,40.86689758,-74.8219986,-1
R_3RlNpCTpEnajBHc,Default Response Set,Anonymous,,,203.131.216.173,0,2016-03-08 21:51,2016-03-08 21:59,1,MXzThn8PokRb4ock5,MXzThn8PokRb4ock5,0,3,,,,,,,0,2,0,1,,,,,0,2,0,1,0,3,,,,,,,,,,,0,3,,,0,2,,,0,1,,,,,,,0,2,0,3,,,,,0,1,,,,,,,0,2,,,0,1,,,0,3,,,,,,,13.7539978,100.5014038,-1
R_DUmCGcsSDDfRJuN,Default Response Set,Anonymous,,,173.30.105.21,0,2016-03-09 0:05,2016-03-09 0:07,1,2sTmttj6NkHQFsJLd,2sTmttj6NkHQFsJLd,,,0,1,,,,,0,2,,,0,3,,,0,1,0,3,,,,,,,,,0,2,,,,,0,1,,,,,,,,,0,2,0,3,,,0,1,,,,,,,,,0,2,0,3,0,1,0,2,,,,,,,,,,,0,3,40.84240723,-91.1072998,-1
R_1rrj2vqM2UDUd6c,Default Response Set,Anonymous,,,103.9.32.180,0,2016-03-09 3:57,2016-03-09 3:58,1,smxtCGqQDdoxSBHnM,smxtCGqQDdoxSBHnM,,,0,2,,,,,,,,,0,1,0,3,0,2,,,,,,,,,,,0,1,0,3,,,,,,,,,,,0,2,0,1,0,3,,,,,,,,,,,0,2,0,1,0,3,0,2,,,,,,,,,,,0,1,0,3,37.59849548,126.978302,-1
R_2XmMbbm8MRLagr9,Default Response Set,Anonymous,,,221.146.134.223,0,2016-03-09 5:02,2016-03-09 5:06,1,xM423TEd4E3xpgssf,xM423TEd4E3xpgssf,,,,,0,2,,,,,0,3,0,1,,,0,2,0,1,,,,,,,,,0,3,,,,,,,0,2,,,,,,,0,1,0,3,,,0,3,0,2,,,,,,,0,1,,,0,1,0,2,,,,,,,,,0,3,,,37.59849548,126.978302,-1
R_Di8zgr4pFvE03wB,Default Response Set,Anonymous,,,45.46.49.57,0,2016-03-09 8:32,2016-03-09 8:33,1,JJ5EnHryZ8c2oGQCB,JJ5EnHryZ8c2oGQCB,0,1,,,0,2,,,0,3,,,,,,,0,1,,,0,2,,,,,,,0,3,,,0,3,,,0,2,,,0,1,,,,,,,0,1,,,0,3,,,0,2,,,,,,,0,3,0,2,0,1,,,,,,,,,,,43.76100159,-71.13150024,-1
R_OQn478VsVeVbVfj,Default Response Set,Anonymous,,,204.186.11.239,0,2016-03-09 11:09,2016-03-09 11:12,1,n57DFjukqiJmSHEDQ,n57DFjukqiJmSHEDQ,,,,,0,1,,,0,2,,,0,3,,,0,1,0,2,0,3,,,,,,,,,,,,,,,0,2,,,0,3,,,0,1,,,,,,,0,2,,,,,0,3,0,1,,,0,2,0,1,,,,,,,,,0,3,,,40.84570313,-75.49479675,-1
R_OIQfZB2Xf3CxJmh,Default Response Set,Anonymous,,,100.33.12.74,0,2016-03-09 17:18,2016-03-09 17:20,1,DjhvjjCAx4ASj2o8R,DjhvjjCAx4ASj2o8R,,,0,1,,,0,2,,,,,,,0,3,0,2,0,1,,,0,3,,,,,,,,,0,2,0,1,,,0,3,,,,,,,,,0,1,0,2,,,0,3,,,,,,,,,0,2,0,1,,,,,,,,,,,0,3,40.74490356,-73.97820282,-1
R_UgrtI5clrRx9AXf,Default Response Set,Anonymous,,,107.10.142.67,0,2016-03-09 19:00,2016-03-09 19:01,1,zsJhRyaRoAYMth497,zsJhRyaRoAYMth497,0,1,0,3,,,,,,,,,0,2,,,0,1,0,2,,,0,3,,,,,,,,,0,3,,,0,1,,,,,,,0,2,,,0,3,,,0,1,,,,,,,0,2,,,0,2,0,3,0,1,,,,,,,,,,,39.30310059,-82.08280182,-1
R_3RqD5rkyQhSNV3z,Default Response Set,Anonymous,,,108.202.56.111,0,2016-03-09 20:36,2016-03-09 20:38,1,SJfYbZhnHTBay5yyX,SJfYbZhnHTBay5yyX,,,,,0,3,0,2,,,,,0,1,,,0,1,,,0,3,,,,,,,0,2,,,,,0,2,,,0,3,,,,,0,1,,,0,1,,,0,3,,,,,,,0,2,,,0,1,,,0,2,,,,,,,0,3,,,35.56829834,-82.62719727,-1
R_3qUadCcUuF4cUnx,Default Response Set,Anonymous,,,71.193.247.165,0,2016-03-09 21:24,2016-03-09 21:27,1,L9LpdeQFGzvFngGYS,L9LpdeQFGzvFngGYS,,,,,0,2,,,0,1,,,0,3,,,,,,,0,2,,,0,1,,,0,3,,,0,3,,,0,1,,,0,2,,,,,,,,,,,0,3,,,0,1,,,0,2,,,0,1,0,3,0,2,,,,,,,,,,,44.90159607,-122.9223022,-1
R_2qrNCZVRWXTfvzc,Default Response Set,Anonymous,,,73.238.4.221,0,2016-03-10 0:21,2016-03-10 0:23,1,qifugRh7PhFJPpCmX,qifugRh7PhFJPpCmX,0,3,,,0,1,,,,,,,0,2,,,0,2,,,0,1,,,,,,,0,3,,,,,,,0,2,,,,,0,3,0,1,,,,,,,0,2,,,,,0,3,0,1,,,,,,,0,2,,,,,0,1,0,3,,,41.30940247,-72.9240036,-1
R_2zLRcrUg4jtKIWw,Default Response Set,Anonymous,,,64.134.58.86,0,2016-03-10 1:13,2016-03-10 1:15,1,cWth44wpGS4qP2Yub,cWth44wpGS4qP2Yub,,,0,1,0,2,,,,,,,0,3,,,0,2,0,1,0,3,,,,,,,,,,,,,0,1,,,,,0,3,,,0,2,,,,,0,1,,,,,0,3,,,0,2,,,0,2,0,3,,,,,,,,,0,1,,,32.78309631,-96.80670166,-1
R_11aUvZJoVUmT0X4,Default Response Set,Anonymous,,,212.64.223.169,0,2016-03-10 2:55,2016-03-10 2:57,1,uHwSGkE8yothku3Pp,uHwSGkE8yothku3Pp,,,,,0,3,,,0,2,,,0,1,,,,,,,0,3,,,0,2,,,0,1,,,,,,,0,2,,,0,3,,,0,1,,,,,,,0,3,,,0,2,,,0,1,,,,,,,0,2,,,0,3,,,0,1,,,41.01860046,28.96470642,-1
R_1Qou307Yp4F1l0e,Default Response Set,Anonymous,,,174.65.146.83,0,2016-03-10 9:38,2016-03-10 9:39,1,cSZYtAZP8JYGj5YJm,cSZYtAZP8JYGj5YJm,,,,,0,1,,,,,0,2,0,3,,,,,,,0,2,,,,,0,1,0,3,,,,,,,0,1,,,,,0,2,0,3,,,,,,,0,1,,,,,0,2,0,3,,,,,,,0,1,,,,,0,2,0,3,,,32.71910095,-117.1607056,-1
R_6Edi9cfYwnDEvap,Default Response Set,Anonymous,,,67.244.35.37,0,2016-03-10 9:48,2016-03-10 9:48,1,TRHpDyjtFJ4Bf98dL,TRHpDyjtFJ4Bf98dL,0,3,0,2,,,,,0,1,,,,,,,0,1,,,,,0,3,,,0,2,,,,,0,3,0,2,,,,,,,0,1,,,,,0,2,,,0,3,,,,,0,1,,,,,0,1,0,3,,,,,,,,,0,2,,,43.65890503,-70.2614975,-1
R_2c2FNfiMxxANMTQ,Default Response Set,Anonymous,,,108.46.174.86,0,2016-03-10 9:48,2016-03-10 9:50,1,KgZMYh23LzaJQn9xQ,KgZMYh23LzaJQn9xQ,,,,,0,2,,,0,3,,,0,1,,,,,,,0,2,,,0,3,,,0,1,,,,,,,0,2,,,0,3,,,0,1,,,,,,,0,2,,,0,3,,,0,1,,,,,,,0,2,,,0,3,,,0,1,,,40.57670593,-73.98999786,-1
R_3nCa5YcWqCSEZUJ,Default Response Set,Anonymous,,,173.57.209.4,0,2016-03-10 9:50,2016-03-10 9:51,1,7Rn59QWiRLMAcySTj,7Rn59QWiRLMAcySTj,,,,,0,2,,,0,3,,,0,1,,,0,2,0,1,,,,,,,,,0,3,,,,,,,0,3,,,0,1,,,0,2,,,,,0,3,0,2,,,,,,,0,1,,,0,2,0,1,0,3,,,,,,,,,,,32.957901,-96.62359619,-1
R_2ZTWxVmqmAvs9gq,Default Response Set,Anonymous,,,98.242.255.44,0,2016-03-10 9:52,2016-03-10 9:53,1,vHTKf9kPuCEvY8Fb8,vHTKf9kPuCEvY8Fb8,,,0,2,0,3,,,,,,,0,1,,,0,3,0,2,,,,,,,,,0,1,,,0,1,,,,,,,0,3,,,0,2,,,0,1,0,3,,,,,,,,,0,2,,,0,3,0,2,,,,,,,,,0,1,,,25.98249817,-80.34339905,-1
R_1IZ2kJeTNWhJRhk,Default Response Set,Anonymous,,,69.9.52.207,0,2016-03-10 9:52,2016-03-10 9:54,1,XsvK4NT3Nh5wjR8En,XsvK4NT3Nh5wjR8En,0,3,,,,,,,,,0,1,0,2,,,,,0,3,,,,,,,0,1,0,2,,,0,3,,,,,,,,,0,1,0,2,,,0,3,,,,,,,,,0,1,0,2,,,,,0,3,,,,,,,0,1,0,2,,,43.60560608,-116.5415039,-1
R_1YZ03lpaQsZ9Fnj,Default Response Set,Anonymous,,,24.30.63.117,0,2016-03-10 9:54,2016-03-10 9:56,1,oWHGBei3dY4SjyLpw,oWHGBei3dY4SjyLpw,0,3,,,0,1,,,0,2,,,,,,,0,2,0,1,,,,,0,3,,,,,,,,,,,0,1,,,0,3,,,0,2,,,,,,,0,3,,,0,1,,,0,2,,,0,2,0,1,0,3,,,,,,,,,,,34.09179688,-84.22090149,-1
R_3waJSl2uUCst5pn,Default Response Set,Anonymous,,,178.5.179.29,0,2016-03-10 9:53,2016-03-10 9:57,1,ZNHoLFfThXn3dxpiE,ZNHoLFfThXn3dxpiE,,,,,0,2,,,0,3,,,0,1,,,,,,,0,3,,,0,2,,,0,1,,,,,,,0,3,,,0,2,,,0,1,,,,,,,0,3,,,0,2,,,0,1,,,,,,,0,3,,,0,2,,,0,1,,,52.51669312,13.3999939,-1
R_2ve8gu3gGnmB64c,Default Response Set,Anonymous,,,74.70.82.254,0,2016-03-10 9:55,2016-03-10 9:58,1,NvQHkQfCNThsLfjfy,NvQHkQfCNThsLfjfy,0,3,,,0,2,,,,,,,0,1,,,0,1,,,0,2,,,,,,,0,3,,,0,1,,,0,2,,,,,,,0,3,,,0,3,,,0,2,,,,,,,0,1,,,0,1,0,3,0,2,,,,,,,,,,,43.13130188,-74.35710144,-1
R_SKaJZc2cVSWakpz,Default Response Set,Anonymous,,,74.102.216.184,0,2016-03-10 10:01,2016-03-10 10:02,1,E3NcHz7W573rHYeyY,E3NcHz7W573rHYeyY,0,2,,,0,3,,,,,,,0,1,,,0,2,0,1,0,3,,,,,,,,,,,0,3,,,0,2,,,,,,,0,1,,,0,2,,,0,1,,,,,,,0,3,,,0,2,0,3,,,,,,,,,0,1,,,40.72599792,-74.23320007,-1
R_3M9hb77nTca8QhV,Default Response Set,Anonymous,,,108.183.177.31,0,2016-03-10 10:02,2016-03-10 10:06,1,bWNtxPkGd8xNqDf2H,bWNtxPkGd8xNqDf2H,0,3,,,0,2,,,,,,,0,1,,,0,2,0,3,,,,,,,,,0,1,,,0,3,,,0,2,,,,,,,0,1,,,0,3,,,0,2,,,,,,,0,1,,,0,2,,,0,3,,,,,,,0,1,,,44.56159973,-69.55590057,-1
R_28HUFZwk5iGfq1C,Default Response Set,Anonymous,,,188.57.142.32,0,2016-03-10 10:08,2016-03-10 10:11,1,8nBmn9tiXEPEpabJq,8nBmn9tiXEPEpabJq,0,2,0,3,0,1,,,,,,,,,,,0,3,0,2,0,1,,,,,,,,,,,,,0,1,0,2,0,3,,,,,,,,,0,2,0,3,0,1,,,,,,,,,,,0,1,0,3,,,0,2,,,,,,,,,41.01359558,28.95500183,-1
R_4TQy8zg7KVaz9jH,Default Response Set,Anonymous,,,71.112.129.247,0,2016-03-10 10:16,2016-03-10 10:18,1,Af6EwezJnoFReEpua,Af6EwezJnoFReEpua,,,,,0,1,,,0,2,,,0,3,,,0,2,0,1,,,0,3,,,,,,,,,,,,,0,2,,,0,3,,,0,1,,,,,,,0,3,,,0,2,,,0,1,,,0,3,0,2,,,0,1,,,,,,,,,40.20629883,-79.73249817,-1
R_1MMUyKif9owdyaZ,Default Response Set,Anonymous,,,50.153.161.124,0,2016-03-10 10:18,2016-03-10 10:20,1,BNHYtgF3y6oE5Z7KQ,BNHYtgF3y6oE5Z7KQ,0,2,,,,,,,0,3,0,1,,,,,0,2,,,,,,,0,3,0,1,,,,,0,2,,,,,,,0,3,0,1,,,,,0,2,,,,,,,0,3,0,1,,,,,0,2,,,,,,,0,3,0,1,,,,,33.91879272,-84.06780243,-1
R_3GqcPAq3AcC0dx8,Default Response Set,Anonymous,,,104.190.114.208,0,2016-03-10 10:19,2016-03-10 10:23,1,yYx4x55HrFLHFahMb,yYx4x55HrFLHFahMb,0,2,0,1,0,3,,,,,,,,,,,0,1,0,2,0,3,,,,,,,,,,,0,1,0,3,0,2,,,,,,,,,,,0,2,0,3,0,1,,,,,,,,,,,0,1,0,2,0,3,,,,,,,,,,,34.00909424,-84.00879669,-1
R_RhrP628DRIg4gVz,Default Response Set,Anonymous,,,174.71.79.180,0,2016-03-10 10:27,2016-03-10 10:32,1,5eAZsM6sSPgLp2AGc,5eAZsM6sSPgLp2AGc,0,1,,,0,2,,,0,3,,,,,,,0,2,,,0,1,,,,,,,0,3,,,0,1,,,,,,,0,3,,,0,2,,,0,1,,,0,3,,,0,2,,,,,,,0,1,,,0,3,,,,,,,0,2,,,41.21130371,-95.94740295,-1
R_Zqvr01uKfVgvhCN,Default Response Set,Anonymous,,,72.192.99.199,0,2016-03-10 10:37,2016-03-10 10:39,1,QzQ7qWvZvRxG3DTiQ,QzQ7qWvZvRxG3DTiQ,0,1,,,0,3,,,,,,,0,2,,,0,1,0,2,0,3,,,,,,,,,,,0,3,,,0,2,,,,,,,0,1,,,0,1,,,0,3,,,,,,,0,2,,,0,1,0,3,0,2,,,,,,,,,,,36.06069946,-95.80639648,-1
R_VPjfaJVlWeUANNf,Default Response Set,Anonymous,,,129.236.220.96,0,2016-03-10 10:36,2016-03-10 10:41,1,MYDbh5c4b3ziMKmbt,MYDbh5c4b3ziMKmbt,,,,,,,,,,,0,2,0,1,0,3,0,2,,,0,1,,,,,0,3,,,,,,,,,,,,,,,0,1,0,2,0,3,0,3,,,0,1,,,,,0,2,,,,,0,3,,,,,,,,,0,1,0,2,,,40.81159973,-73.95300293,-1
R_1rrDJ27B4gq9rWo,Default Response Set,Anonymous,,,91.105.19.8,0,2016-03-10 10:43,2016-03-10 10:45,1,JzmhwhLyzer2RAe6v,JzmhwhLyzer2RAe6v,,,0,1,,,,,0,2,,,0,3,,,0,1,0,3,,,,,,,,,0,2,,,0,2,0,3,,,,,,,,,0,1,,,0,3,0,2,,,,,,,,,0,1,,,0,1,0,2,,,,,,,,,0,3,,,56.94999695,24.1000061,-1
R_2SlgfJ4jsU9P6yV,Default Response Set,Anonymous,,,68.132.18.241,0,2016-03-10 10:44,2016-03-10 10:46,1,MA2uPdyzNp9BQAqer,MA2uPdyzNp9BQAqer,0,1,0,2,,,,,,,,,,,0,3,0,3,,,,,,,,,,,0,2,0,1,0,1,0,3,,,,,,,,,,,0,2,0,1,,,,,,,,,0,2,,,0,3,0,1,,,0,3,,,,,,,0,2,,,40.54530334,-74.1785965,-1
R_2zooeml0iFqjMG4,Default Response Set,Anonymous,,,208.139.138.67,0,2016-03-10 10:50,2016-03-10 10:51,1,udy3MprwBQ5HiyMCT,udy3MprwBQ5HiyMCT,,,0,3,,,,,,,0,2,0,1,,,,,0,3,,,,,,,0,2,0,1,,,,,0,3,,,,,,,0,2,0,1,,,,,0,3,,,,,,,0,2,0,1,,,,,0,3,,,,,,,0,2,0,1,,,36.57220459,-88.57420349,-1
R_2qEMyN7HRXK5rAs,Default Response Set,Anonymous,,,73.172.95.57,0,2016-03-10 11:06,2016-03-10 11:07,1,pJmeMQeWgG5t6W9qP,pJmeMQeWgG5t6W9qP,0,3,,,,,,,,,0,2,0,1,,,0,3,,,,,,,,,0,2,0,1,,,0,3,,,,,,,,,0,2,0,1,,,0,3,,,,,,,,,0,2,0,1,,,0,3,,,,,,,,,0,2,0,1,,,39.41169739,-77.270401,-1
R_BLO0Glydqg2t9wR,Default Response Set,Anonymous,,,66.61.2.205,0,2016-03-10 11:16,2016-03-10 11:17,1,jDE43c8DM6a8vfhLt,jDE43c8DM6a8vfhLt,0,2,0,1,0,3,,,,,,,,,,,0,1,0,3,0,2,,,,,,,,,,,0,3,0,1,0,2,,,,,,,,,,,0,2,0,1,0,3,,,,,,,,,,,0,1,,,0,3,,,,,,,0,2,,,41.1006012,-81.6446991,-1
R_24eNBvx2nNZLtaJ,Default Response Set,Anonymous,,,108.39.147.26,0,2016-03-10 11:17,2016-03-10 11:18,1,QFG552t36L3EZH7Jy,QFG552t36L3EZH7Jy,,,,,0,3,,,0,2,,,0,1,,,,,,,0,3,,,0,2,,,0,1,,,,,,,0,1,,,0,3,,,0,2,,,,,,,0,3,,,0,2,,,0,1,,,,,,,0,3,,,0,2,,,0,1,,,40.54469299,-79.92880249,-1
R_1QGToKeaUfomUN4,Default Response Set,Anonymous,,,172.76.159.173,0,2016-03-10 11:17,2016-03-10 11:19,1,ShADd3RgtYRfwa2MZ,ShADd3RgtYRfwa2MZ,,,,,0,2,,,0,3,,,0,1,,,0,1,,,0,3,,,,,,,0,2,,,,,,,,,,,,,0,2,0,1,0,3,0,2,,,,,,,,,0,1,,,0,3,0,1,0,2,,,,,,,,,0,3,,,36.0480957,-85.01979828,-1
R_9npEyFU9FaKDqMx,Default Response Set,Anonymous,,,174.78.204.12,0,2016-03-10 11:34,2016-03-10 11:35,1,LcANkd9aNJ5k5m36D,LcANkd9aNJ5k5m36D,,,0,3,,,,,0,1,,,0,2,,,0,1,,,0,3,,,0,2,,,,,,,,,0,2,,,,,0,1,,,0,3,,,0,3,,,,,,,0,1,,,0,2,,,0,1,,,0,2,,,0,3,,,,,,,32.8585968,-83.67510223,-1
R_3DiuUdXILfChXFF,Default Response Set,Anonymous,,,62.162.181.170,0,2016-03-10 11:37,2016-03-10 11:39,1,btruDZRTdLHpSMw8Z,btruDZRTdLHpSMw8Z,,,,,0,3,,,,,0,2,0,1,,,0,2,0,1,,,0,3,,,,,,,,,0,2,,,,,,,,,,,0,3,0,1,,,,,,,,,,,0,1,0,3,0,2,0,3,0,1,,,0,2,,,,,,,,,41.03140259,21.33470154,-1
R_TpXMmw8FaIXUcjn,Default Response Set,Anonymous,,,50.156.126.75,0,2016-03-10 11:41,2016-03-10 11:42,1,k3GpWCr7PFT6C8hp7,k3GpWCr7PFT6C8hp7,,,0,3,,,,,0,1,,,0,2,,,0,2,0,1,0,3,,,,,,,,,,,0,3,0,2,,,,,0,1,,,,,,,,,0,3,,,,,0,2,,,0,1,,,0,2,0,1,0,3,,,,,,,,,,,37.44039917,-121.8704987,-1
R_3IYtQEMAfWkLLqV,Default Response Set,Anonymous,,,167.246.60.1,0,2016-03-10 11:43,2016-03-10 11:45,1,naXyBAkcHQnvmWAq2,naXyBAkcHQnvmWAq2,,,0,1,,,,,0,2,,,0,3,,,,,0,1,,,0,3,,,,,0,2,,,,,0,1,,,,,,,,,0,2,0,3,,,0,1,,,,,,,,,0,2,0,3,0,2,0,1,,,,,,,,,,,0,3,40.73300171,-74.00779724,-1
R_3EgoxiwkwyeX8eJ,Default Response Set,Anonymous,,,108.48.148.29,0,2016-03-10 11:53,2016-03-10 11:54,1,AQxTawn2raLNgqZ3P,AQxTawn2raLNgqZ3P,,,,,0,2,,,,,,,0,1,0,3,0,1,,,0,3,,,,,,,0,2,,,,,,,0,2,,,,,,,0,1,0,3,,,,,0,2,,,,,,,0,1,0,3,0,1,0,2,,,,,,,,,0,3,,,38.91859436,-76.78620148,-1
R_3kF0B1Caxfe5D1j,Default Response Set,Anonymous,,,68.105.236.136,0,2016-03-10 12:09,2016-03-10 12:11,1,5myTGNQJvs2WKRHzh,5myTGNQJvs2WKRHzh,0,3,0,2,,,,,0,1,,,,,,,0,1,,,0,3,,,0,2,,,,,,,0,3,0,1,,,,,,,,,0,2,,,0,3,0,2,,,0,1,,,,,,,,,0,3,,,0,1,,,,,,,0,2,,,37.06269836,-76.40519714,-1
R_ukpSGoiwT2JPqKd,Default Response Set,Anonymous,,,75.118.151.33,0,2016-03-10 12:32,2016-03-10 12:35,1,65rkkh9mvCWJswXdW,65rkkh9mvCWJswXdW,0,3,,,0,1,,,,,,,0,2,,,0,1,0,3,,,,,,,,,0,2,,,0,3,,,,,,,,,0,2,0,1,,,0,3,,,0,2,,,,,,,0,1,,,0,1,,,0,3,0,2,,,,,,,,,42.01579285,-87.84230042,-1
R_5z10LXpQwOjDPEt,Default Response Set,Anonymous,,,157.182.122.188,0,2016-03-10 12:42,2016-03-10 12:43,1,DE4yEJwaXQHEzKcQa,DE4yEJwaXQHEzKcQa,,,0,2,0,1,,,,,,,0,3,,,0,1,0,2,0,3,,,,,,,,,,,0,2,,,,,,,,,,,0,1,0,3,0,2,0,3,,,,,,,,,0,1,,,0,2,0,1,,,,,,,,,0,3,,,39.64559937,-79.94329834,-1
R_1QaN5ZNbwbZXlt7,Default Response Set,Anonymous,,,67.0.149.161,0,2016-03-10 12:44,2016-03-10 12:45,1,uiWHRDoF5BGb4wL2S,uiWHRDoF5BGb4wL2S,0,2,0,3,,,,,,,,,,,0,1,0,2,0,1,0,3,,,,,,,,,,,,,0,1,0,3,,,,,,,,,0,2,0,3,0,2,,,,,,,,,,,0,1,0,2,0,3,0,1,,,,,,,,,,,35.2467041,-106.7231979,-1
R_2EsE4tlHlG8PZRd,Default Response Set,Anonymous,,,75.74.148.95,0,2016-03-10 12:51,2016-03-10 12:52,1,gMminThzBtZJ7uSsx,gMminThzBtZJ7uSsx,0,3,,,0,2,,,,,,,0,1,,,,,,,0,2,,,0,3,,,0,1,,,0,3,,,,,,,0,2,,,0,1,,,0,3,,,,,,,0,2,,,0,1,,,0,2,,,0,3,,,,,,,0,1,,,26.06520081,-80.37039948,-1
R_1IAA4Gf3I4rIcS6,Default Response Set,Anonymous,,,12.158.110.190,0,2016-03-10 17:10,2016-03-10 17:12,1,eCXK2ArfS3criAJTB,eCXK2ArfS3criAJTB,,,0,2,0,3,,,,,,,0,1,,,0,1,0,3,,,,,,,,,0,2,,,0,2,,,0,3,,,,,,,0,1,,,0,3,0,2,,,,,,,,,0,1,,,0,1,0,2,0,3,,,,,,,,,,,33.77729797,-84.33660126,-1
R_XU2fDE6fIpvB58B,Default Response Set,Anonymous,,,108.216.89.2,0,2016-03-10 19:45,2016-03-10 19:46,1,qSx3DCWftYj2wsCyv,qSx3DCWftYj2wsCyv,0,2,0,3,0,1,,,,,,,,,,,0,3,0,2,0,1,,,,,,,,,,,,,0,3,,,,,0,1,,,0,2,,,0,2,0,1,0,3,,,,,,,,,,,0,2,0,3,0,1,,,,,,,,,,,41.44459534,-81.92199707,-1
R_DNa6qSJUdxUWOjv,Default Response Set,Anonymous,,,71.203.40.218,0,2016-03-10 19:50,2016-03-10 19:52,1,e3qn8csAYTbHfMxkK,e3qn8csAYTbHfMxkK,0,1,,,0,2,,,,,,,,,0,3,0,1,0,2,,,0,3,,,,,,,,,,,,,0,1,0,3,,,,,0,2,,,0,1,,,0,2,,,,,,,,,0,3,0,1,0,2,0,3,,,,,,,,,,,27.36540222,-82.53579712,-1
R_1FmMzOvqKtVdQvm,Default Response Set,Anonymous,,,24.182.9.187,0,2016-03-10 19:51,2016-03-10 19:53,1,46jJ5bQRXvenhFmTb,46jJ5bQRXvenhFmTb,0,2,0,1,,,0,3,,,,,,,,,0,1,0,2,,,0,3,,,,,,,,,,,0,2,,,,,,,,,0,3,0,1,,,,,,,0,1,,,,,0,2,0,3,0,1,0,2,,,,,,,,,,,0,3,34.4954071,-117.3685989,-1
R_3LZnNHQskcyFDDr,Default Response Set,Anonymous,,,99.121.202.227,0,2016-03-10 19:54,2016-03-10 19:55,1,e39vqG226v3BajR5r,e39vqG226v3BajR5r,,,0,2,,,,,,,,,0,1,0,3,0,2,0,1,0,3,,,,,,,,,,,,,0,2,,,,,,,,,0,3,0,1,0,3,0,2,,,,,,,,,,,0,1,0,2,0,1,,,,,0,3,,,,,,,38.4828949,-121.639801,-1
R_3JfHO8EdaUKoH73,Default Response Set,Anonymous,,,23.119.116.186,0,2016-03-10 19:56,2016-03-10 19:58,1,JYCXAYdtPkWscrdLB,JYCXAYdtPkWscrdLB,,,0,3,0,2,,,,,,,0,1,,,0,3,,,0,2,,,,,,,0,1,,,,,0,2,0,3,,,,,,,0,1,,,,,0,3,0,2,,,,,,,0,1,,,0,2,0,3,,,,,,,,,0,1,,,41.60249329,-86.26429749,-1
R_3g6sAl8h8PNwDzi,Default Response Set,Anonymous,,,69.14.32.249,0,2016-03-10 19:56,2016-03-10 19:58,1,9ywHQR3mBPMwFxoz9,9ywHQR3mBPMwFxoz9,,,,,0,3,,,0,1,,,0,2,,,0,2,0,3,,,,,,,,,0,1,,,0,3,,,0,2,,,,,,,0,1,,,0,2,,,0,3,,,,,,,0,1,,,0,1,,,,,,,0,3,,,0,2,,,42.52160645,-83.16329956,-1
R_1rokHgW7G9AZDza,Default Response Set,Anonymous,,,96.59.165.96,0,2016-03-10 19:57,2016-03-10 19:59,1,47GQnCY9tKY6QcziM,47GQnCY9tKY6QcziM,0,1,,,0,2,,,,,,,0,3,,,0,1,0,2,,,,,,,,,0,3,,,0,2,,,,,,,,,,,0,3,0,1,0,1,,,0,2,,,,,,,0,3,,,0,2,0,1,,,,,,,,,0,3,,,28.04069519,-81.90429688,-1
R_3CO7h7GT1qVlAoR,Default Response Set,Anonymous,,,50.152.95.6,0,2016-03-10 20:03,2016-03-10 20:05,1,r7ouGiTYscdMz7S96,r7ouGiTYscdMz7S96,0,1,0,3,0,2,,,,,,,,,,,0,2,0,1,0,3,,,,,,,,,,,0,1,0,3,0,2,,,,,,,,,,,0,3,0,1,0,2,,,,,,,,,,,0,2,0,1,0,3,,,,,,,,,,,40.30839539,-76.69539642,-1
R_2CCm7jbJfAGhyb3,Default Response Set,Anonymous,,,73.25.114.4,0,2016-03-10 20:04,2016-03-10 20:06,1,q7T5qjCJmLKiFDM7B,q7T5qjCJmLKiFDM7B,0,2,,,0,3,,,,,,,0,1,,,,,0,3,0,2,,,,,,,0,1,,,,,0,2,0,3,,,,,,,0,1,,,0,3,0,1,,,,,,,,,0,2,,,0,1,0,2,,,,,,,,,0,3,,,44.63909912,-123.2709961,-1
R_1Cd2OS7k0A9Cn6z,Default Response Set,Anonymous,,,67.164.167.116,0,2016-03-10 20:04,2016-03-10 20:07,1,jfQvpyg84WrSgRNqv,jfQvpyg84WrSgRNqv,0,1,,,0,3,,,,,,,0,2,,,0,1,,,0,3,,,,,,,0,2,,,0,1,,,0,3,,,,,,,0,2,,,0,1,,,0,2,,,,,,,0,3,,,0,2,0,1,,,,,,,,,0,3,,,39.92849731,-104.9559021,-1
R_3PzbVR046LJ6xaf,Default Response Set,Anonymous,,,71.56.37.206,0,2016-03-10 20:07,2016-03-10 20:08,1,CBqTRZWRzXAgfN9Yy,CBqTRZWRzXAgfN9Yy,0,2,0,3,,,,,,,,,0,1,,,0,3,,,,,,,,,0,2,0,1,,,0,2,0,1,0,3,,,,,,,,,,,0,2,0,3,,,,,,,,,0,1,,,0,1,,,0,2,,,,,,,0,3,,,33.86509705,-84.89479828,-1
R_3JDl1r3KMbAxevN,Default Response Set,Anonymous,,,172.91.192.214,0,2016-03-10 20:06,2016-03-10 20:09,1,JSbt6gZfMo7joBzGv,JSbt6gZfMo7joBzGv,,,,,0,1,,,0,3,,,0,2,,,0,1,,,0,2,,,,,,,0,3,,,,,,,0,1,,,0,3,,,0,2,,,,,,,0,1,,,0,3,,,0,2,,,0,1,,,0,2,,,,,,,0,3,,,34.51019287,-118.6804047,-1
R_yZUb6xpz5ArpGqR,Default Response Set,Anonymous,,,68.186.113.198,0,2016-03-10 20:10,2016-03-10 20:11,1,Ny9gao85Xj9EsukBG,Ny9gao85Xj9EsukBG,,,,,0,2,,,0,1,,,0,3,,,0,3,,,0,2,,,0,1,,,,,,,,,,,0,2,,,0,1,,,,,0,3,,,,,0,2,,,0,1,,,0,3,,,0,3,0,1,0,2,,,,,,,,,,,41.6730957,-123.9454956,-1
R_27O6rjLXoBmy5z5,Default Response Set,Anonymous,,,207.244.83.208,0,2016-03-10 20:12,2016-03-10 20:13,1,Rj9tu78F5w6w3X4H6,Rj9tu78F5w6w3X4H6,0,1,,,,,0,2,,,,,0,3,,,,,,,,,0,2,0,3,0,1,,,,,0,3,,,,,,,0,2,,,0,1,,,,,0,3,0,1,0,2,,,,,,,,,0,2,,,,,,,,,0,1,0,3,,,38.79319763,-77.53659821,-1
R_2VmfbymKDNXfmdq,Default Response Set,Anonymous,,,72.135.113.249,0,2016-03-10 20:19,2016-03-10 20:22,1,yqM2BRFq8ZRfjjLkq,yqM2BRFq8ZRfjjLkq,,,0,2,,,,,0,1,,,,,0,3,0,2,0,1,,,,,0,3,,,,,,,,,0,2,,,,,0,1,,,,,0,3,,,0,1,,,,,0,2,,,0,3,,,0,2,,,0,1,,,0,3,,,,,,,44.25860596,-88.50650024,-1
R_1o7JQ1H6Q0F8BgM,Default Response Set,Anonymous,,,71.235.198.251,0,2016-03-10 20:28,2016-03-10 20:30,1,sffrXtuXr5TiAB4mp,sffrXtuXr5TiAB4mp,,,0,3,,,,,0,2,,,0,1,,,0,1,0,3,,,,,,,,,0,2,,,,,0,3,,,,,0,2,,,0,1,,,,,0,2,,,,,0,3,,,0,1,,,0,1,0,2,,,,,,,,,0,3,,,42.75300598,-71.08609772,-1
R_1nPZsd9LlZ1UG2L,Default Response Set,Anonymous,,,98.177.165.20,0,2016-03-10 20:30,2016-03-10 20:32,1,EKWRiN76o86oB7anS,EKWRiN76o86oB7anS,,,,,0,2,,,,,,,0,1,0,3,0,1,,,,,0,2,,,,,0,3,,,,,0,3,0,2,,,,,,,0,1,,,0,2,,,,,,,0,1,,,0,3,,,0,1,,,0,3,,,,,,,,,0,2,33.248703,-111.6343002,-1
R_ZlBTwtnfxuVXHAR,Default Response Set,Anonymous,,,173.44.55.73,0,2016-03-10 20:45,2016-03-10 20:50,1,WPYRr5aobwBj73DEK,WPYRr5aobwBj73DEK,0,3,,,,,,,,,0,1,0,2,,,0,3,,,,,,,,,0,1,0,2,,,0,3,,,,,,,,,0,1,0,2,,,0,3,,,,,,,,,0,1,0,2,,,0,3,,,,,,,,,0,1,0,2,,,25.78059387,-80.18260193,-1
R_2QhSh6Qu0mNN9oM,Default Response Set,Anonymous,,,97.84.30.102,0,2016-03-10 20:54,2016-03-10 21:01,1,Qqh6muXhTuf3GrNiT,Qqh6muXhTuf3GrNiT,,,,,0,2,,,0,1,,,0,3,,,0,1,0,3,,,,,0,2,,,,,,,,,,,0,3,,,0,2,,,0,1,,,,,,,0,2,,,0,1,,,0,3,,,0,2,0,1,0,3,,,,,,,,,,,38,-97,-1
R_2TAWmDn9iHECC0P,Default Response Set,Anonymous,,,72.87.167.105,0,2016-03-10 21:07,2016-03-10 21:09,1,uaKgcq3eKvpoHhiRp,uaKgcq3eKvpoHhiRp,,,,,0,3,,,0,2,,,0,1,,,0,2,,,0,3,,,,,,,0,1,,,0,2,,,0,3,,,,,,,0,1,,,0,2,,,0,3,,,,,,,0,1,,,0,2,0,1,,,,,,,,,0,3,,,33.75840759,-118.3162994,-1
R_e5w753UT44Ee8O5,Default Response Set,Anonymous,,,206.255.177.29,0,2016-03-10 21:08,2016-03-10 21:09,1,PxTtMMdoKkhi9R3EA,PxTtMMdoKkhi9R3EA,0,3,0,2,,,,,,,,,0,1,,,0,3,0,2,,,,,,,,,0,1,,,0,1,0,3,,,0,2,,,,,,,,,0,3,0,2,0,1,,,,,,,,,,,0,3,0,1,,,,,,,,,0,2,,,33.61140442,-92.84519958,-1
R_2uWifv065HkTtye,Default Response Set,Anonymous,,,108.196.136.202,0,2016-03-10 21:11,2016-03-10 21:13,1,P3KQ9YkjZxt4RLM8n,P3KQ9YkjZxt4RLM8n,0,3,,,,,,,,,0,1,0,2,,,0,3,,,0,1,,,,,,,0,2,,,,,,,0,2,,,,,,,0,3,0,1,0,2,,,0,3,,,,,,,0,1,,,0,3,,,,,0,1,,,,,0,2,,,29.37319946,-95.00350189,-1
R_0053rqjuLd7rZjb,Default Response Set,Anonymous,,,75.111.222.99,0,2016-03-10 21:13,2016-03-10 21:15,1,2uka6dm2y2BiZJ2zv,2uka6dm2y2BiZJ2zv,0,3,0,1,,,,,,,,,0,2,,,0,2,,,0,3,,,,,,,0,1,,,,,0,2,0,3,,,,,,,0,1,,,,,0,2,0,3,,,,,,,0,1,,,0,1,,,0,3,,,,,,,0,2,,,33.57620239,-102.0429001,-1
R_2rHIxlqV8flJwb9,Default Response Set,Anonymous,,,68.34.242.48,0,2016-03-10 21:14,2016-03-10 21:16,1,w7iHdtHuvS62tpX9A,w7iHdtHuvS62tpX9A,,,0,2,0,3,,,0,1,,,,,,,0,1,,,,,,,0,3,,,0,2,,,,,0,1,,,,,0,3,,,0,2,,,,,,,0,1,,,0,2,,,0,3,,,0,1,0,3,0,2,,,,,,,,,,,42.42570496,-83.04370117,-1
R_2E9PEZBcqumMZMj,Default Response Set,Anonymous,,,192.240.96.70,0,2016-03-10 21:27,2016-03-10 21:29,1,yGMwpC8mFpdaBHsxc,yGMwpC8mFpdaBHsxc,,,,,0,3,,,,,0,2,0,1,,,,,,,0,3,,,,,0,2,0,1,,,,,,,0,3,,,,,0,2,0,1,,,,,,,0,3,,,,,0,2,0,1,,,,,,,0,3,,,,,0,2,0,1,,,40.74209595,-74.00180054,-1
R_0BxTBh2CJzWtom5,Default Response Set,Anonymous,,,108.253.177.26,0,2016-03-10 21:34,2016-03-10 21:35,1,veJrsxDb3LXrES4xG,veJrsxDb3LXrES4xG,0,3,0,2,,,,,0,1,,,,,,,0,1,0,2,0,3,,,,,,,,,,,0,1,0,2,,,,,,,,,0,3,,,0,1,0,2,0,3,,,,,,,,,,,0,1,0,3,,,0,2,,,,,,,,,32.85940552,-117.2072983,-1
R_3MxHEAvaXgVBXFb,Default Response Set,Anonymous,,,67.245.69.45,0,2016-03-10 21:52,2016-03-10 21:54,1,uSMjBeZWWWbr389eX,uSMjBeZWWWbr389eX,0,3,,,,,,,,,0,2,0,1,,,0,3,,,,,,,,,0,2,0,1,,,,,,,,,,,,,0,2,0,1,0,3,,,,,,,,,,,0,2,0,1,0,3,0,3,,,,,,,,,0,2,0,1,,,40.70050049,-73.83450317,-1
R_1Igumkq6nICSIOE,Default Response Set,Anonymous,,,136.61.87.24,0,2016-03-10 21:57,2016-03-10 21:58,1,L4ym7sk99zbs7SpRS,L4ym7sk99zbs7SpRS,,,0,3,0,2,,,0,1,,,,,,,0,2,,,0,3,,,,,,,0,1,,,,,,,0,2,,,0,3,,,0,1,,,,,,,0,1,,,0,2,,,0,3,,,0,2,,,0,1,,,,,,,0,3,,,39.10679626,-94.56600189,-1
R_DTBpeHgQiR6m133,Default Response Set,Anonymous,,,173.187.143.8,0,2016-03-10 22:26,2016-03-10 22:28,1,tDQkgwFiLneeqykeP,tDQkgwFiLneeqykeP,0,2,,,0,3,,,,,,,0,1,,,0,2,0,3,0,1,,,,,,,,,,,0,1,0,3,0,2,,,,,,,,,,,0,2,,,,,,,0,3,,,0,1,,,0,2,,,0,3,,,,,,,0,1,,,34.03559875,-94.33390045,-1
R_20YfLLgVFsgipn4,Default Response Set,Anonymous,,,71.90.149.208,0,2016-03-10 22:40,2016-03-10 22:42,1,DJkv5Fv9S4kWNyB3h,DJkv5Fv9S4kWNyB3h,0,3,0,2,,,,,0,1,,,,,,,0,1,0,2,0,3,,,,,,,,,,,0,1,0,2,,,,,,,,,,,0,3,0,2,0,3,,,,,,,,,,,0,1,0,1,0,2,0,3,,,,,,,,,,,42.77049255,-83.74669647,-1
R_2E9JJZPgrfhz0hM,Default Response Set,Anonymous,,,74.99.131.187,0,2016-03-10 23:08,2016-03-10 23:12,1,8LxJGcCiZ4Qc6jQuJ,8LxJGcCiZ4Qc6jQuJ,0,1,,,0,3,,,0,2,,,,,,,0,1,,,0,3,,,0,2,,,,,,,0,3,,,0,2,,,0,1,,,,,,,0,1,,,0,2,,,0,3,,,,,,,0,1,0,3,0,2,,,,,,,,,,,40.07539368,-76.31890106,-1
R_sbaqLSMGGVlEcQp,Default Response Set,Anonymous,,,99.153.69.130,0,2016-03-10 23:29,2016-03-10 23:31,1,sd2kFccpmJrtKtWXt,sd2kFccpmJrtKtWXt,0,1,0,3,,,,,0,2,,,,,,,0,1,0,3,,,,,0,2,,,,,,,0,1,0,2,,,,,0,3,,,,,,,0,1,0,2,,,,,0,3,,,,,,,0,1,0,2,0,3,,,,,,,,,,,30.33889771,-97.77069855,-1
R_2UVDFpkgsqgcJBs,Default Response Set,Anonymous,,,68.190.117.252,0,2016-03-10 23:58,2016-03-11 0:00,1,NfD5PKGzZSHiMziDZ,NfD5PKGzZSHiMziDZ,,,0,3,,,,,0,1,,,0,2,,,0,2,,,,,,,0,1,,,0,3,,,0,2,0,3,,,,,0,1,,,,,,,0,3,,,,,,,0,2,,,0,1,,,0,3,,,0,2,,,0,1,,,,,,,43.0796051,-89.37580109,-1
R_2R2qkruXVVwfHnz,Default Response Set,Anonymous,,,129.32.224.93,0,2016-03-11 0:19,2016-03-11 0:20,1,sXZRJJZZ4ukn5Rhsa,sXZRJJZZ4ukn5Rhsa,0,2,0,3,,,,,0,1,,,,,,,0,1,0,2,0,3,,,,,,,,,,,0,2,0,3,,,,,0,1,,,,,,,0,1,0,2,,,,,0,3,,,,,,,0,2,0,1,0,3,,,,,,,,,,,39.97740173,-75.14520264,-1
R_2AWMxJAqHQuyw81,Default Response Set,Anonymous,,,108.18.106.28,0,2016-03-11 11:58,2016-03-11 12:00,1,mhWeQdWa9FaKczAnW,mhWeQdWa9FaKczAnW,,,,,0,2,,,,,0,1,,,0,3,0,3,0,2,,,,,,,0,1,,,,,,,0,2,,,,,,,0,1,,,0,3,,,,,0,2,,,,,0,1,,,0,3,,,,,0,2,,,,,0,1,,,0,3,38.93580627,-77.16210175,-1
R_9uCeHDWoBOAqtCV,Default Response Set,Anonymous,,,199.201.64.135,0,2016-03-11 17:31,2016-03-11 17:34,1,KtmBDbHyRWmxF3pSe,KtmBDbHyRWmxF3pSe,0,3,,,0,2,,,,,,,0,1,,,0,1,0,2,,,0,3,,,,,,,,,0,2,,,0,3,,,,,,,0,1,,,0,2,,,0,3,,,,,,,0,1,,,0,1,0,2,0,3,,,,,,,,,,,37.38450623,-122.0881042,-1
R_1MSf5OGDIrOOHNK,Default Response Set,Anonymous,,,104.162.219.229,0,2016-03-11 20:18,2016-03-11 20:21,1,C8ZZyaoAKK74u5sYq,C8ZZyaoAKK74u5sYq,0,1,0,3,0,2,,,,,,,,,,,0,1,0,3,0,2,,,,,,,,,,,0,1,0,3,0,2,,,,,,,,,,,0,1,0,3,0,2,,,,,,,,,,,0,1,0,3,0,2,,,,,,,,,,,40.76049805,-73.99330139,-1
R_12LPk9MSb6DMpre,Default Response Set,Anonymous,,,50.191.23.237,0,2016-03-11 21:55,2016-03-11 21:57,1,NEBKBc4v4z22JjHsM,NEBKBc4v4z22JjHsM,,,,,0,3,,,0,1,,,0,2,,,0,2,0,3,,,,,,,,,0,1,,,,,,,0,3,,,0,2,,,0,1,,,0,2,,,0,3,,,,,,,0,1,,,0,1,,,0,2,,,,,,,0,3,,,40.04910278,-75.22810364,-1
R_2U3MrOK1H8PXdHh,Default Response Set,Anonymous,,,41.242.137.12,0,2016-03-12 1:59,2016-03-12 2:01,1,zPcauKCwjaC6ZF2to,zPcauKCwjaC6ZF2to,,,,,0,1,,,,,0,2,0,3,,,0,1,0,2,0,3,,,,,,,,,,,,,,,0,1,,,0,3,0,2,,,,,,,,,0,1,,,0,3,0,2,,,,,0,1,0,2,,,,,,,0,3,,,,,5.550003052,-0.216705322,-1
R_xzrT8Xi6Xu4uSK5,Default Response Set,Anonymous,,,96.234.40.232,0,2016-03-13 21:48,2016-03-13 21:50,1,9et3SfHGXPybDEQvA,9et3SfHGXPybDEQvA,,,,,0,3,,,0,1,,,0,2,,,0,1,0,2,,,,,,,,,,,0,3,,,,,0,2,,,0,3,,,0,1,,,,,,,0,2,,,,,,,0,1,0,3,0,1,0,2,0,3,,,,,,,,,,,40.69450378,-74.26899719,-1
R_081HRKMGzscHIVH,Default Response Set,Anonymous,,,160.39.88.100,0,2016-03-15 3:07,2016-03-15 3:08,1,dC92XDi5WvMMhu33h,dC92XDi5WvMMhu33h,,,0,3,0,2,,,,,,,0,1,,,0,2,0,1,0,3,,,,,,,,,,,,,0,3,0,2,,,,,,,0,1,,,,,,,0,2,0,3,,,,,0,1,,,0,3,,,0,2,,,,,,,0,1,,,40.80059814,-73.96530151,-1
R_3KOvleAU3og8jmU,Default Response Set,Anonymous,,,210.113.213.77,0,2016-03-15 4:24,2016-03-15 4:26,1,jFJJMNpjqg3TTB3vH,jFJJMNpjqg3TTB3vH,,,0,3,,,,,,,,,0,2,0,1,0,2,0,1,,,,,,,,,,,0,3,,,,,,,,,,,0,3,0,2,0,1,,,,,,,,,,,0,3,0,2,0,1,0,2,0,1,,,,,,,,,,,0,3,37.57000732,126.980011,-1
