gain,sm,3, 0, 3, 0, 3, 0, 3, 3, 3, 3, 3, 3, 0, 0, 0, 0, 0, 0, 0, 0, 0, 0, 0, 0
loss,sm,6, 6, 3, 3, 4, 4, 3, 3, 3, 3, 0, 0, 3, 3, 3, 3, 3, 3, 0, 0, 0, 0, 0, 0
gain,sm,3, 3, 3, 3, 3, 3, 3, 3, 3, 0, 3, 1, 3, 3, 3, 0, 3, 0, 3, 0, 3, 0, 3, 0
gain,sm,NA,NA
gain,sm,3, 3, 3, 0, 3, 3, 1, 0, 0, 0, 0, 0, 0, 0, 0, 0, 0, 0, 0, 0, 0, 0, 0, 0
gain,mt,0, 0, 3, 0, 3, 0, 3, 0, 3, 0, 3, 0, 3, 0, 3, 0, 3, 0, 0, 0, 0, 0, 0, 0
loss,sm,NA,NA
gain,mt,NA,NA
loss,sm,3, 4, 3, 3, 3, 3, 3, 3, 3, 3, 3, 3, 0, 0, 0, 0, 0, 0, 0, 0, 0, 0, 0, 0
gain,sm,4, 3, 0, 0, 0, 0, 0, 0, 0, 0, 0, 0, 0, 0, 0, 0, 0, 0, 0, 0, 0, 0, 0, 0
gain,mt,3, 3, 3, 3, 3, 0, 2, 0, 0, 0, 0, 0, 0, 0, 0, 0, 0, 0, 0, 0, 0, 0, 0, 0
gain,mt,3, 3, 3, 3, 3, 4, 3, 3, 3, 3, 3, 3, 3, 3, 3, 3, 3, 3, 3, 3, 3, 3, 3, 3
gain,sm,3, 3, 3, 3, 3, 3, 3, 3, 3, 3, 3, 3, 3, 3, 3, 3, 3, 3, 3, 3, 3, 2, 3, 3
gain,sm,NA,NA
gain,NA,NA,NA
loss,sm,3, 3, 3, 3, 3, 3, 3, 0, 3, 3, 3, 0, 3, 3, 3, 3, 3, 3, 3, 0, 3, 3, 3, 3
loss,mt,0, 0, 3, 0, 3, 1, 3, 0, 3, 0, 0, 0, 0, 0, 2, 0, 0, 0, 3, 0, 0, 0, 0, 0
gain,sm,0, 0, 0, 0, 3, 0, 3, 0, 3, 0, 3, 0, 0, 0, 0, 0, 0, 0, 0, 0, 0, 0, 0, 0
gain,mt,3, 0, 3, 0, 3, 0, 3, 0, 0, 0, 0, 0, 0, 0, 1, 1, 0, 0, 0, 0, 0, 0, 0, 0
gain,mt,3, 0, 3, 0, 3, 0, 3, 0, 3, 0, 3, 0, 3, 0, 3, 0, 3, 0, 6, 0, 0, 0, 0, 0
loss,sm,NA,NA
loss,sm,NA,NA
gain,mt,3, 2, 3, 2, 3, 2, 3, 3, 3, 3, 3, 0, 3, 2, 3, 3, 3, 3, 3, 3, 3, 0, 3, 3
loss,NA,NA,NA
loss,sm,3, 0, 3, 0, 3, 3, 3, 3, 3, 3, 3, 3, 0, 0, 0, 0, 0, 0, 0, 0, 0, 0, 0, 0
gain,sm,5, 1, 4, 0, 3, 0, 0, 0, 0, 0, 0, 0, 0, 0, 0, 0, 0, 0, 0, 0, 0, 0, 0, 0
gain,sm,NA,NA
gain,sm,3, 3, 3, 0, 3, 0, 3, 0, 3, 0, 3, 0, 3, 1, 3, 0, 3, 0, 0, 0, 0, 0, 0, 0
loss,sm,3, 2, 1, 1, 1, 0, 0, 0, 0, 0, 0, 0, 0, 0, 0, 0, 0, 0, 0, 0, 0, 0, 0, 0
loss,sm,NA,NA
gain,mt,3, 0, 3, 0, 3, 0, 3, 0, 3, 0, 3, 0, 3, 3, 3, 3, 3, 3, 3, 3, 3, 0, 3, 0
loss,sm,3, 3, 3, 3, 4, 3, 3, 1, 3, 0, 3, 0, 3, 0, 3, 0, 3, 0, 3, 0, 3, 0, 3, 0
gain,sm,3, 0, 3, 0, 3, 0, 3, 0, 3, 0, 3, 0, 3, 0, 3, 4, 3, 4, 3, 0, 3, 0, 3, 0
loss,sm,3, 3, 3, 3, 3, 3, 0, 0, 0, 0, 0, 0, 0, 0, 0, 0, 0, 0, 0, 0, 0, 0, 0, 0
loss,sm,3, 2, 3, 0, 3, 0, 3, 0, 3, 3, 3, 0, 3, 2, 3, 0, 3, 0, 3, 0, 3, 0, 3, 0
gain,mt,3, 3, 3, 3, 3, 3, 3, 1, 3, 0, 3, 0, 3, 3, 3, 0, 3, 0, 3, 3, 0, 0, 0, 0
loss,sm,6, 0, 3, 0, 3, 0, 3, 0, 3, 0, 3, 0, 0, 0, 0, 0, 0, 0, 0, 0, 0, 0, 0, 0
loss,mt,NA,NA
gain,sm,3, 3, 4, 3, 3, 3, 3, 3, 3, 3, 3, 3, 3, 4, 3, 3, 3, 3, 3, 3, 3, 3, 3, 3
gain,sm,4, 3, 3, 3, 3, 3, 0, 0, 0, 0, 0, 0, 0, 0, 0, 0, 0, 0, 0, 0, 0, 0, 0, 0
loss,sm,0, 0, 0, 0, 1, 0, 0, 0, 0, 0, 0, 0, 0, 0, 0, 0, 0, 0, 0, 0, 0, 0, 0, 0
loss,sm,3, 2, 3, 3, 3, 3, 3, 3, 3, 3, 3, 3, 0, 0, 0, 0, 0, 0, 0, 0, 0, 0, 0, 0
gain,sm,3, 5, 5, 3, 3, 3, 3, 3, 3, 3, 0, 0, 0, 0, 0, 0, 0, 0, 0, 0, 0, 0, 0, 0
gain,sm,4, 0, 6, 0, 3, 0, 3, 0, 3, 0, 4, 0, 0, 0, 0, 0, 0, 0, 0, 0, 0, 0, 0, 0
loss,mt,3, 0, 3, 0, 3, 0, 1, 0, 3, 0, 3, 0, 3, 0, 3, 0, 3, 0, 0, 0, 0, 0, 0, 0
loss,sm,4, 4, 0, 0, 0, 0, 0, 0, 0, 0, 0, 0, 0, 0, 0, 0, 0, 0, 0, 0, 0, 0, 0, 0
loss,sm,3, 3, 3, 1, 3, 3, 3, 0, 3, 0, 3, 0, 3, 0, 3, 0, 3, 0, 3, 0, 3, 0, 3, 0
loss,mt,3, 3, 3, 3, 3, 3, 3, 0, 3, 3, 3, 0, 3, 3, 3, 3, 3, 3, 3, 3, 3, 3, 3, 3
loss,mt,3, 3, 3, 3, 3, 3, 3, 3, 3, 3, 3, 3, 3, 3, 3, 3, 3, 3, 3, 3, 0, 0, 0, 0
loss,mt,4, 4, 3, 0, 3, 0, 3, 0, 3, 0, 3, 0, 3, 1, 3, 0, 3, 0, 3, 0, 3, 0, 3, 0
loss,sm,3, 3, 3, 3, 3, 3, 3, 3, 3, 3, 3, 0, 3, 0, 3, 0, 0, 0, 3, 0, 0, 0, 3, 0
gain,sm,3, 0, 4, 3, 3, 3, 3, 3, 3, 3, 3, 3, 3, 3, 3, 3, 3, 3, 3, 3, 3, 3, 3, 0
gain,sm,3, 0, 3, 3, 3, 3, 4, 0, 3, 3, 3, 0, 3, 3, 3, 3, 3, 3, 0, 0, 0, 0, 0, 0
gain,mt,3, 5, 3, 3, 3, 3, 3, 3, 3, 3, 3, 3, 4, 3, 3, 3, 3, 3, 3, 3, 3, 3, 3, 3
gain,sm,NA,NA
loss,sm,3, 3, 3, 3, 3, 3, 3, 0, 3, 3, 3, 4, 3, 3, 3, 3, 3, 3, 3, 3, 3, 3, 3, 3
gain,sm,3, 3, 4, 3, 3, 3, 3, 3, 3, 3, 3, 3, 3, 3, 3, 3, 3, 3, 3, 3, 3, 3, 3, 3
loss,sm,3, 0, 3, 0, 3, 0, 0, 0, 0, 0, 0, 0, 0, 0, 0, 0, 0, 0, 0, 0, 0, 0, 0, 0
gain,mt,3, 1, 0, 0, 4, 1, 3, 0, 3, 0, 3, 0, 3, 0, 1, 1, 0, 0, 0, 0, 0, 0, 0, 0
gain,sm,3, 0, 0, 0, 4, 0, 3, 0, 4, 0, 3, 0, 3, 0, 3, 0, 3, 0, 3, 0, 3, 0, 3, 0
loss,sm,NA,NA
loss,mt,3, 0, 3, 0, 3, 0, 2, 0, 0, 0, 0, 0, 0, 0, 0, 0, 0, 0, 0, 0, 0, 0, 0, 0
loss,mt,3, 0, 3, 0, 3, 0, 3, 0, 3, 0, 3, 0, 3, 0, 3, 0, 3, 0, 3, 0, 3, 0, 3, 0
loss,mt,3, 3, 3, 0, 3, 0, 0, 0, 0, 0, 3, 3, 0, 0, 0, 0, 0, 0, 0, 0, 0, 0, 0, 0
loss,sm,3, 1, 3, 0, 3, 0, 3, 0, 3, 0, 3, 0, 4, 3, 3, 3, 3, 3, 5, 4, 3, 3, 6, 4
gain,sm,1, 0, 0, 0, 0, 0, 0, 0, 0, 0, 0, 0, 0, 0, 0, 0, 0, 0, 0, 0, 0, 0, 0, 0
loss,sm,3, 3, 3, 3, 3, 3, 0, 0, 0, 0, 0, 0, 0, 0, 0, 0, 0, 0, 0, 0, 0, 0, 0, 0
loss,mt,3, 3, 3, 3, 3, 3, 3, 0, 3, 0, 3, 3, 3, 3, 3, 0, 3, 0, 3, 0, 3, 0, 3, 0
loss,sm,3, 0, 3, 1, 3, 0, 3, 0, 3, 0, 3, 0, 3, 0, 3, 0, 3, 0, 0, 0, 0, 0, 0, 0
gain,mt,3, 0, 3, 0, 3, 0, 3, 0, 3, 0, 3, 0, 3, 0, 3, 0, 3, 0, 3, 0, 3, 0, 3, 0
gain,sm,NA,NA
loss,sm,NA,NA
loss,sm,3, 0, 3, 0, 3, 0, 3, 0, 3, 0, 3, 0, 3, 3, 4, 0, 4, 0, 4, 0, 0, 0, 0, 0
gain,sm,3, 3, 3, 3, 3, 3, 3, 3, 3, 3, 3, 3, 3, 3, 3, 3, 3, 3, 3, 3, 3, 3, 3, 3
gain,sm,3, 3, 3, 3, 3, 3, 3, 3, 3, 3, 3, 2, 3, 0, 3, 0, 3, 3, 3, 0, 3, 0, 3, 0
loss,mt,NA,NA
gain,mt,NA,NA
gain,mt,3, 0, 3, 3, 3, 3, 3, 0, 3, 3, 3, 3, 3, 3, 3, 3, 3, 3, 3, 3, 3, 3, 3, 3
gain,sm,3, 3, 3, 3, 3, 3, 3, 0, 3, 3, 3, 3, 0, 0, 0, 0, 0, 0, 0, 0, 0, 0, 0, 0
loss,sm,4, 3, 3, 0, 3, 0, 3, 0, 3, 0, 3, 0, 3, 0, 3, 0, 3, 0, 3, 0, 3, 0, 3, 3
loss,sm,7, 1, 0, 0, 2, 0, 3, 0, 3, 0, 3, 0, 0, 0, 0, 0, 0, 0, 0, 0, 0, 0, 0, 0
loss,mt,NA,NA
loss,sm,NA,NA
gain,sm,3, 3, 3, 3, 3, 3, 3, 2, 3, 2, 3, 3, 3, 3, 3, 3, 3, 3, 3, 1, 3, 3, 3, 3
gain,sm,3, 0, 3, 0, 3, 0, 3, 0, 3, 1, 3, 0, 3, 3, 3, 3, 5, 0, 3, 0, 3, 0, 3, 0
loss,mt,3, 0, 3, 0, 3, 0, 3, 0, 3, 0, 3, 0, 3, 0, 3, 0, 3, 0, 3, 0, 3, 0, 3, 0
gain,mt,3, 0, 3, 0, 3, 0, 3, 0, 3, 0, 3, 0, 0, 0, 0, 0, 0, 0, 0, 0, 0, 0, 0, 0
gain,sm,NA,NA
gain,sm,4, 3, 3, 3, 3, 3, 3, 2, 3, 0, 3, 0, 3, 1, 0, 0, 0, 0, 0, 0, 0, 0, 0, 0
loss,mt,3, 0, 3, 1, 3, 0, 3, 3, 3, 3, 3, 3, 3, 3, 3, 3, 3, 3, 3, 0, 3, 3, 3, 3
loss,mt,3, 3, 3, 3, 3, 3, 3, 0, 3, 0, 3, 0, 3, 0, 3, 0, 3, 0, 3, 0, 3, 0, 3, 0
loss,sm,NA,NA
gain,mt,3, 0, 3, 0, 3, 0, 3, 0, 3, 0, 3, 0, 3, 0, 3, 0, 3, 1, 3, 1, 3, 0, 3, 0
gain,sm,3, 0, 3, 3, 3, 3, 3, 3, 3, 3, 3, 3, 3, 3, 3, 3, 3, 3, 3, 0, 3, 0, 0, 0
loss,sm,NA,NA
loss,sm,3, 1, 3, 3, 3, 0, 0, 0, 3, 0, 3, 0, 3, 0, 3, 3, 3, 0, 3, 0, 3, 0, 3, 0
loss,sm,7, 6, 3, 3, 3, 3, 3, 3, 3, 3, 3, 3, 3, 4, 3, 3, 3, 3, 3, 0, 3, 4, 3, 3
loss,mt,3, 0, 3, 0, 3, 0, 3, 0, 3, 0, 3, 0, 3, 0, 3, 0, 3, 0, 3, 0, 3, 0, 3, 3
loss,mt,3, 0, 0, 0, 4, 0, 3, 0, 0, 0, 3, 0, 0, 0, 0, 0, 0, 0, 0, 0, 0, 0, 0, 0
gain,sm,NA,NA
loss,sm,3, 3, 3, 0, 3, 0, 3, 0, 3, 0, 3, 0, 3, 0, 3, 0, 3, 0, 3, 0, 3, 0, 3, 0
loss,sm,3, 1, 3, 0, 2, 1, 3, 1, 1, 0, 4, 1, 0, 0, 0, 0, 0, 0, 0, 0, 0, 0, 0, 0
gain,mt,3, 0, 3, 0, 3, 0, 3, 0, 3, 0, 3, 0, 3, 0, 3, 0, 3, 3, 3, 0, 3, 0, 3, 0
gain,mt,3, 3, 3, 3, 3, 3, 3, 3, 3, 3, 3, 3, 3, 0, 3, 0, 3, 0, 3, 0, 0, 0, 0, 0
loss,mt,5, 1, 3, 0, 3, 0, 3, 0, 3, 0, 3, 0, 3, 0, 3, 0, 3, 0, 3, 0, 0, 0, 0, 0
loss,sm,3, 3, 3, 0, 3, 0, 3, 0, 3, 0, 3, 0, 3, 3, 3, 0, 3, 0, 3, 0, 3, 0, 3, 0
gain,sm,3, 0, 3, 0, 3, 0, 0, 0, 0, 0, 0, 0, 0, 0, 0, 0, 0, 0, 0, 0, 0, 0, 0, 0
gain,sm,3, 3, 3, 3, 3, 3, 3, 3, 3, 2, 3, 2, 3, 3, 3, 0, 3, 2, 3, 2, 3, 0, 3, 2
loss,mt,2, 0, 0, 0, 0, 0, 0, 0, 0, 0, 0, 0, 0, 0, 0, 0, 0, 0, 0, 0, 0, 0, 0, 0
loss,mt,3, 0, 3, 0, 3, 3, 3, 0, 3, 0, 3, 0, 3, 0, 3, 0, 3, 0, 3, 0, 3, 0, 3, 0
loss,sm,NA,NA
loss,mt,3, 3, 3, 3, 3, 3, 3, 3, 3, 3, 3, 3, 0, 0, 0, 0, 0, 0, 0, 0, 0, 0, 0, 0
loss,sm,3, 1, 3, 0, 2, 0, 0, 0, 0, 0, 0, 0, 0, 0, 0, 0, 0, 0, 0, 0, 0, 0, 0, 0
loss,sm,3, 3, 3, 3, 3, 3, 3, 3, 3, 3, 3, 3, 0, 0, 0, 0, 0, 0, 0, 0, 0, 0, 0, 0
loss,mt,1, 1, 0, 0, 0, 0, 0, 0, 0, 0, 0, 0, 0, 0, 0, 0, 0, 0, 0, 0, 0, 0, 0, 0
gain,sm,3, 0, 3, 0, 3, 0, 3, 0, 3, 0, 3, 0, 3, 0, 3, 0, 3, 0, 0, 0, 0, 0, 0, 0
gain,sm,3, 0, 3, 3, 4, 3, 3, 3, 3, 3, 3, 0, 0, 0, 0, 0, 0, 0, 0, 0, 0, 0, 0, 0
loss,sm,3, 0, 3, 0, 3, 0, 0, 0, 0, 0, 0, 0, 0, 0, 0, 0, 0, 0, 0, 0, 0, 0, 0, 0
loss,sm,NA,NA
gain,sm,3, 0, 3, 0, 3, 0, 3, 0, 3, 0, 3, 0, 3, 0, 3, 0, 3, 0, 3, 1, 3, 0, 3, 0
gain,sm,4, 0, 3, 0, 3, 0, 3, 0, 3, 0, 3, 3, 3, 0, 0, 0, 3, 0, 3, 0, 3, 1, 0, 0
gain,sm,3, 0, 3, 0, 3, 0, 3, 0, 3, 0, 3, 0, 0, 0, 0, 0, 0, 0, 0, 0, 0, 0, 0, 0
loss,NA,NA,NA
loss,mt,3, 0, 3, 0, 3, 0, 3, 0, 3, 0, 3, 0, 3, 0, 3, 0, 3, 0, 3, 0, 3, 0, 3, 3
gain,mt,3, 0, 3, 0, 3, 0, 3, 0, 3, 0, 3, 0, 3, 0, 3, 0, 3, 0, 3, 0, 3, 0, 3, 0
loss,mt,3, 0, 3, 0, 3, 0, 3, 0, 3, 0, 3, 0, 3, 0, 3, 0, 3, 0, 3, 0, 3, 0, 3, 0
loss,mt,NA,NA
gain,sm,NA,NA
gain,sm,NA,NA
loss,sm,3, 0, 3, 3, 3, 3, 3, 3, 3, 3, 3, 3, 0, 0, 0, 0, 0, 0, 0, 0, 0, 0, 0, 0
loss,sm,3, 3, 3, 3, 3, 0, 3, 3, 3, 0, 3, 0, 3, 3, 3, 0, 3, 3, 3, 0, 3, 0, 3, 0
gain,mt,3, 0, 1, 0, 0, 0, 0, 0, 0, 0, 0, 0, 0, 0, 0, 0, 0, 0, 0, 0, 0, 0, 0, 0
loss,sm,3, 3, 3, 3, 3, 4, 3, 3, 3, 3, 3, 3, 0, 0, 0, 0, 0, 0, 0, 0, 0, 0, 0, 0
gain,sm,3, 1, 3, 0, 3, 0, 3, 0, 3, 0, 3, 1, 0, 0, 0, 0, 0, 0, 0, 0, 0, 0, 0, 0
gain,mt,3, 0, 3, 0, 3, 0, 0, 0, 0, 0, 0, 0, 0, 0, 0, 0, 0, 0, 0, 0, 0, 0, 0, 0
loss,sm,3, 0, 3, 0, 3, 0, 3, 0, 3, 0, 3, 0, 0, 0, 0, 0, 0, 0, 0, 0, 0, 0, 0, 0
loss,mt,3, 0, 3, 0, 3, 0, 3, 0, 3, 0, 3, 0, 3, 0, 3, 0, 3, 0, 3, 0, 3, 0, 3, 0
loss,mt,3, 3, 3, 3, 3, 3, 3, 3, 3, 3, 3, 3, 0, 0, 0, 0, 0, 0, 0, 0, 0, 0, 0, 0
gain,sm,3, 0, 4, 0, 3, 0, 0, 0, 0, 0, 0, 0, 0, 0, 0, 0, 0, 0, 0, 0, 0, 0, 0, 0
loss,sm,3, 0, 3, 1, 3, 0, 3, 0, 3, 0, 3, 0, 3, 0, 3, 0, 3, 0, 3, 0, 3, 0, 3, 0
gain,mt,3, 0, 3, 0, 3, 3, 3, 3, 3, 3, 3, 3, 3, 3, 3, 3, 3, 3, 3, 3, 3, 3, 3, 3
gain,mt,3, 1, 4, 0, 3, 0, 0, 0, 0, 0, 0, 0, 0, 0, 0, 0, 0, 0, 0, 0, 0, 0, 0, 0
loss,mt,2, 0, 4, 0, 3, 0, 3, 0, 3, 0, 3, 0, 0, 0, 0, 0, 0, 0, 0, 0, 0, 0, 0, 0
loss,mt,NA,NA
gain,sm,NA,NA
gain,mt,NA,NA
gain,mt,3, 0, 3, 0, 3, 0, 3, 0, 3, 3, 3, 3, 3, 3, 3, 3, 3, 3, 3, 3, 3, 3, 3, 3
gain,mt,3, 3, 3, 3, 3, 3, 4, 0, 3, 0, 3, 0, 3, 0, 3, 0, 3, 1, 3, 0, 3, 0, 3, 0
gain,mt,3, 3, 3, 3, 3, 3, 3, 3, 3, 3, 3, 3, 3, 3, 3, 3, 3, 3, 3, 3, 0, 0, 0, 0
gain,sm,0, 0, 3, 0, 3, 0, 0, 0, 0, 0, 0, 0, 0, 0, 0, 0, 0, 0, 0, 0, 0, 0, 0, 0
gain,sm,NA,NA
loss,mt,3, 0, 2, 0, 0, 0, 0, 0, 0, 0, 0, 0, 0, 0, 0, 0, 0, 0, 0, 0, 0, 0, 0, 0
gain,sm,3, 3, 3, 3, 3, 3, 3, 0, 3, 3, 3, 0, 5, 0, 4, 0, 3, 0, 3, 0, 3, 0, 3, 0
loss,sm,3, 5, 3, 3, 3, 3, 3, 0, 3, 0, 3, 0, 0, 0, 0, 0, 0, 0, 0, 0, 0, 0, 0, 0
loss,mt,3, 0, 3, 0, 3, 0, 3, 0, 3, 0, 3, 0, 0, 0, 0, 0, 0, 0, 0, 0, 0, 0, 0, 0
gain,mt,3, 3, 3, 3, 3, 3, 3, 3, 3, 3, 3, 3, 3, 3, 3, 3, 3, 3, 3, 3, 3, 3, 3, 3
gain,sm,3, 0, 3, 0, 3, 0, 3, 0, 3, 0, 3, 0, 3, 0, 3, 0, 3, 0, 0, 0, 0, 0, 0, 0
loss,sm,3, 3, 3, 3, 3, 0, 3, 0, 3, 0, 3, 0, 0, 0, 0, 0, 0, 0, 0, 0, 0, 0, 0, 0
gain,sm,3, 0, 3, 0, 3, 0, 3, 0, 3, 0, 3, 0, 3, 0, 3, 3, 3, 3, 3, 3, 3, 3, 3, 3
gain,sm,6, 3, 3, 3, 3, 3, 3, 3, 3, 0, 3, 3, 0, 0, 0, 0, 0, 0, 0, 0, 0, 0, 0, 0
gain,sm,0, 0, 3, 0, 3, 3, 3, 0, 3, 0, 3, 0, 3, 0, 3, 0, 0, 0, 3, 1, 3, 0, 3, 0
gain,sm,3, 0, 3, 0, 3, 0, 3, 0, 3, 3, 3, 3, 3, 0, 3, 0, 3, 0, 3, 0, 3, 0, 3, 0
gain,sm,3, 0, 3, 0, 3, 3, 3, 3, 3, 0, 3, 0, 3, 0, 3, 0, 3, 0, 3, 0, 3, 0, 3, 2
loss,sm,3, 3, 3, 3, 3, 3, 0, 0, 0, 0, 0, 0, 0, 0, 0, 0, 0, 0, 0, 0, 0, 0, 0, 0
gain,sm,3, 0, 3, 0, 3, 0, 3, 4, 4, 3, 3, 3, 0, 0, 0, 0, 0, 0, 0, 0, 0, 0, 0, 0
loss,mt,3, 3, 3, 3, 3, 3, 3, 3, 3, 3, 3, 3, 3, 3, 3, 3, 3, 3, 3, 3, 3, 3, 3, 3
loss,sm,3, 3, 3, 3, 3, 3, 3, 3, 3, 3, 3, 3, 3, 0, 3, 0, 3, 0, 3, 0, 2, 0, 3, 0
loss,sm,3, 0, 3, 3, 3, 3, 3, 0, 3, 0, 3, 0, 3, 3, 3, 3, 3, 3, 3, 3, 3, 0, 3, 0
loss,sm,25, 6, 3, 3, 3, 3, 3, 3, 3, 3, 0, 0, 0, 0, 0, 0, 0, 0, 0, 0, 0, 0, 0, 0
gain,sm,3, 3, 3, 3, 3, 3, 3, 3, 3, 3, 3, 3, 3, 3, 3, 3, 3, 3, 3, 3, 3, 3, 3, 3
loss,sm,4, 0, 3, 0, 0, 0, 3, 0, 3, 0, 3, 0, 3, 0, 3, 0, 3, 0, 3, 1, 3, 0, 3, 0
loss,sm,3, 3, 3, 3, 3, 3, 3, 3, 3, 2, 3, 3, 0, 0, 0, 0, 0, 0, 0, 0, 0, 0, 0, 0
gain,mt,NA,NA
loss,mt,3, 4, 3, 0, 3, 0, 0, 0, 0, 0, 0, 0, 0, 0, 0, 0, 0, 0, 0, 0, 0, 0, 0, 0
gain,mt,3, 0, 3, 0, 3, 0, 3, 0, 3, 0, 3, 0, 3, 0, 3, 0, 3, 0, 3, 0, 3, 0, 3, 0
loss,sm,NA,NA
gain,mt,4, 0, 3, 0, 3, 0, 3, 0, 3, 0, 3, 0, 3, 0, 3, 0, 3, 0, 0, 0, 0, 0, 0, 0
gain,sm,5, 4, 3, 3, 3, 3, 0, 0, 0, 0, 0, 0, 0, 0, 0, 0, 0, 0, 0, 0, 0, 0, 0, 0
loss,sm,NA,NA
gain,mt,3, 3, 3, 3, 3, 3, 3, 3, 3, 3, 3, 3, 3, 3, 3, 3, 3, 3, 3, 3, 3, 3, 3, 3
gain,sm,3, 0, 4, 0, 3, 0, 0, 0, 0, 0, 0, 0, 0, 0, 0, 0, 0, 0, 0, 0, 0, 0, 0, 0
gain,mt,3, 4, 3, 0, 3, 0, 3, 0, 3, 0, 3, 0, 3, 0, 3, 0, 3, 0, 3, 0, 3, 0, 3, 0
gain,sm,3, 3, 3, 3, 3, 2, 3, 3, 3, 3, 3, 3, 3, 2, 4, 0, 3, 2, 3, 0, 3, 0, 3, 0
gain,sm,0, 0, 0, 0, 2, 0, 1, 1, 0, 0, 0, 0, 0, 0, 0, 0, 0, 0, 0, 0, 0, 0, 0, 0
gain,mt,3, 3, 3, 3, 3, 3, 4, 3, 3, 2, 3, 2, 3, 3, 3, 3, 3, 3, 3, 3, 3, 3, 3, 3
gain,mt,3, 0, 3, 3, 3, 3, 3, 0, 3, 0, 3, 0, 3, 3, 3, 3, 3, 3, 3, 3, 3, 3, 3, 3
loss,sm,4, 0, 0, 0, 0, 0, 3, 0, 3, 0, 3, 0, 0, 0, 0, 0, 0, 0, 0, 0, 0, 0, 0, 0
gain,sm,3, 3, 3, 3, 3, 3, 0, 0, 0, 0, 0, 0, 0, 0, 0, 0, 0, 0, 0, 0, 0, 0, 0, 0
loss,sm,3, 0, 3, 0, 3, 0, 3, 0, 3, 0, 3, 0, 0, 0, 0, 0, 0, 0, 0, 0, 0, 0, 0, 0
loss,sm,3, 0, 3, 1, 3, 0, 0, 0, 0, 0, 0, 0, 0, 0, 0, 0, 0, 0, 0, 0, 0, 0, 0, 0
gain,mt,3, 0, 0, 0, 3, 0, 0, 0, 0, 0, 0, 0, 0, 0, 0, 0, 0, 0, 0, 0, 0, 0, 0, 0
gain,mt,3, 3, 3, 3, 3, 3, 3, 3, 3, 3, 3, 3, 3, 3, 3, 3, 3, 3, 3, 3, 0, 0, 0, 0
loss,sm,3, 3, 3, 3, 3, 3, 3, 3, 3, 3, 3, 3, 3, 3, 3, 3, 3, 3, 3, 3, 3, 3, 3, 3
gain,mt,3, 0, 3, 0, 3, 0, 3, 0, 3, 0, 3, 0, 3, 3, 3, 0, 3, 0, 3, 0, 3, 0, 3, 0
loss,sm,NA,NA
gain,mt,3, 1, 3, 0, 3, 1, 4, 0, 3, 0, 0, 0, 0, 0, 3, 1, 0, 0, 0, 0, 0, 0, 0, 0
loss,sm,4, 0, 3, 0, 3, 0, 3, 0, 3, 0, 3, 0, 0, 0, 0, 0, 0, 0, 0, 0, 0, 0, 0, 0
loss,mt,3, 0, 3, 0, 3, 0, 3, 0, 3, 0, 3, 0, 0, 0, 0, 0, 0, 0, 0, 0, 0, 0, 0, 0
gain,mt,3, 0, 3, 0, 3, 0, 3, 1, 3, 0, 3, 0, 3, 0, 3, 0, 3, 0, 3, 1, 3, 0, 3, 3
gain,sm,3, 3, 3, 1, 3, 3, 3, 0, 3, 0, 3, 0, 3, 1, 0, 0, 0, 0, 0, 0, 0, 0, 0, 0
loss,sm,3, 0, 3, 0, 3, 0, 0, 0, 0, 0, 0, 0, 0, 0, 0, 0, 0, 0, 0, 0, 0, 0, 0, 0
gain,sm,3, 0, 3, 0, 3, 0, 3, 0, 3, 4, 3, 3, 3, 3, 3, 3, 3, 3, 3, 3, 3, 3, 3, 3
gain,sm,3, 0, 3, 3, 3, 3, 3, 0, 3, 0, 3, 0, 3, 3, 3, 3, 3, 3, 3, 3, 3, 3, 3, 3
gain,sm,1, 1, 0, 0, 0, 0, 0, 0, 0, 0, 0, 0, 0, 0, 0, 0, 0, 0, 0, 0, 0, 0, 0, 0
gain,sm,3, 3, 3, 0, 3, 3, 3, 0, 3, 0, 4, 0, 0, 0, 0, 0, 0, 0, 0, 0, 0, 0, 0, 0
loss,sm,3, 0, 3, 0, 3, 0, 3, 0, 3, 0, 3, 0, 3, 0, 3, 0, 3, 0, 3, 0, 3, 0, 3, 0
gain,mt,3, 0, 0, 0, 3, 1, 0, 0, 0, 0, 0, 0, 0, 0, 0, 0, 0, 0, 0, 0, 0, 0, 0, 0
gain,mt,NA,NA
gain,mt,3, 3, 3, 3, 3, 3, 0, 0, 0, 0, 0, 0, 0, 0, 0, 0, 0, 0, 0, 0, 0, 0, 0, 0
loss,sm,NA,NA
gain,mt,3, 0, 4, 0, 3, 0, 3, 0, 3, 0, 3, 0, 3, 0, 3, 0, 3, 0, 0, 0, 0, 0, 0, 0
gain,mt,2, 0, 0, 0, 0, 0, 0, 0, 0, 0, 0, 0, 0, 0, 0, 0, 0, 0, 0, 0, 0, 0, 0, 0
loss,mt,NA,NA
loss,mt,3, 0, 3, 0, 5, 0, 0, 0, 0, 0, 0, 0, 0, 0, 0, 0, 0, 0, 0, 0, 0, 0, 0, 0
gain,sm,0, 0, 3, 0, 3, 0, 3, 0, 3, 0, 3, 0, 3, 0, 3, 0, 3, 0, 3, 0, 3, 0, 3, 0
gain,sm,3, 0, 3, 0, 3, 0, 3, 1, 3, 0, 3, 0, 0, 0, 0, 0, 0, 0, 0, 0, 0, 0, 0, 0
gain,sm,3, 1, 3, 3, 3, 3, 3, 0, 3, 0, 3, 0, 0, 0, 0, 0, 0, 0, 0, 0, 0, 0, 0, 0
loss,sm,NA,NA
loss,sm,3, 3, 3, 3, 3, 3, 3, 3, 3, 3, 3, 3, 0, 0, 0, 0, 0, 0, 0, 0, 0, 0, 0, 0
loss,mt,3, 3, 3, 3, 3, 0, 3, 0, 3, 0, 3, 0, 3, 0, 0, 0, 0, 0, 3, 0, 0, 0, 0, 0
gain,mt,NA,NA
gain,sm,NA,NA
gain,sm,NA,NA
gain,sm,3, 3, 3, 1, 3, 3, 3, 0, 3, 0, 3, 1, 3, 3, 3, 0, 3, 3, 3, 1, 3, 0, 3, 0
loss,sm,4, 0, 3, 0, 3, 0, 3, 0, 3, 1, 3, 0, 3, 3, 3, 0, 3, 3, 3, 0, 3, 0, 3, 0
loss,sm,3, 3, 3, 3, 3, 3, 3, 3, 3, 0, 3, 3, 3, 3, 3, 3, 3, 3, 0, 0, 0, 0, 0, 0
loss,sm,NA,NA
loss,sm,3, 0, 3, 0, 3, 0, 3, 0, 3, 0, 3, 0, 0, 0, 0, 0, 0, 0, 0, 0, 0, 0, 0, 0
gain,sm,2, 0, 3, 1, 3, 1, 3, 1, 3, 0, 3, 0, 3, 0, 3, 0, 3, 0, 0, 0, 0, 0, 0, 0
gain,sm,3, 3, 3, 3, 3, 3, 3, 3, 3, 3, 3, 3, 3, 3, 3, 3, 3, 0, 3, 0, 0, 0, 0, 0
loss,sm,3, 0, 3, 0, 3, 0, 3, 0, 3, 0, 3, 3, 3, 3, 3, 3, 3, 3, 3, 3, 3, 3, 3, 0
gain,sm,6, 3, 3, 3, 3, 3, 3, 3, 3, 3, 3, 5, 3, 3, 3, 3, 3, 3, 3, 3, 3, 3, 3, 0
gain,sm,NA,NA
gain,sm,NA,NA
loss,mt,3, 0, 3, 0, 3, 0, 3, 0, 3, 0, 3, 0, 3, 0, 3, 0, 3, 0, 3, 0, 3, 0, 3, 0
gain,sm,3, 0, 3, 0, 3, 0, 3, 0, 3, 0, 3, 0, 3, 0, 3, 0, 3, 0, 3, 0, 3, 0, 3, 0
loss,mt,3, 0, 3, 0, 3, 0, 3, 0, 3, 1, 3, 0, 3, 0, 3, 0, 3, 0, 3, 0, 3, 0, 3, 0
loss,mt,NA,NA
loss,sm,4, 3, 3, 3, 3, 3, 3, 3, 3, 3, 3, 3, 3, 3, 3, 3, 3, 3, 3, 3, 3, 3, 3, 3
gain,sm,3, 3, 3, 3, 3, 3, 3, 0, 3, 0, 3, 0, 3, 3, 3, 3, 3, 0, 3, 0, 3, 0, 3, 0
gain,sm,3, 3, 3, 3, 3, 3, 3, 3, 3, 3, 3, 3, 3, 3, 3, 3, 3, 3, 3, 3, 3, 3, 3, 3
loss,sm,3, 0, 0, 0, 0, 0, 0, 0, 0, 0, 0, 0, 0, 0, 0, 0, 0, 0, 0, 0, 0, 0, 0, 0
loss,sm,4, 3, 3, 0, 3, 3, 3, 3, 3, 3, 3, 3, 0, 0, 0, 0, 0, 0, 0, 0, 0, 0, 0, 0
loss,mt,3, 2, 3, 1, 3, 3, 3, 0, 3, 0, 3, 0, 3, 0, 3, 0, 3, 0, 3, 0, 3, 0, 3, 0
gain,sm,3, 0, 3, 0, 3, 0, 3, 0, 3, 0, 3, 3, 3, 3, 3, 3, 4, 3, 4, 0, 3, 3, 3, 3
loss,sm,3, 0, 3, 2, 3, 4, 3, 3, 3, 3, 3, 1, 0, 0, 0, 0, 0, 0, 0, 0, 0, 0, 0, 0
loss,sm,3, 4, 3, 3, 3, 3, 0, 0, 0, 0, 0, 0, 0, 0, 0, 0, 0, 0, 0, 0, 0, 0, 0, 0
gain,mt,0, 0, 3, 0, 0, 0, 3, 0, 3, 0, 3, 0, 3, 0, 3, 0, 3, 0, 0, 0, 0, 0, 0, 0
gain,mt,3, 3, 3, 3, 3, 3, 3, 0, 3, 0, 3, 0, 0, 0, 0, 0, 0, 0, 0, 0, 0, 0, 0, 0
gain,sm,3, 0, 3, 0, 3, 0, 3, 0, 3, 0, 3, 0, 3, 0, 3, 3, 3, 3, 3, 2, 3, 3, 3, 3
gain,sm,3, 3, 3, 0, 3, 2, 3, 0, 3, 2, 3, 0, 0, 0, 0, 0, 0, 0, 0, 0, 0, 0, 0, 0
gain,sm,0, 0, 0, 0, 2, 0, 2, 0, 1, 0, 1, 0, 5, 0, 1, 1, 2, 0, 0, 0, 0, 0, 0, 0
gain,sm,3, 0, 4, 3, 3, 3, 3, 6, 3, 3, 3, 3, 0, 0, 0, 0, 0, 0, 0, 0, 0, 0, 0, 0
loss,sm,NA,NA
gain,mt,3, 0, 3, 0, 3, 0, 0, 0, 0, 0, 3, 0, 0, 0, 3, 0, 3, 0, 0, 0, 0, 0, 0, 0
gain,sm,NA,NA
gain,sm,3, 3, 3, 3, 3, 3, 3, 0, 3, 3, 3, 0, 3, 3, 3, 0, 3, 0, 0, 0, 0, 0, 0, 0
gain,sm,3, 3, 3, 3, 3, 3, 3, 3, 3, 3, 3, 3, 3, 3, 3, 3, 3, 3, 3, 3, 3, 3, 3, 3
loss,mt,3, 0, 3, 0, 3, 1, 0, 0, 0, 0, 0, 0, 0, 0, 0, 0, 0, 0, 0, 0, 0, 0, 0, 0
loss,mt,3, 6, 3, 0, 3, 0, 3, 0, 3, 0, 3, 0, 3, 2, 3, 1, 3, 0, 3, 0, 3, 0, 3, 0
loss,mt,4, 5, 3, 0, 3, 0, 4, 0, 3, 0, 3, 0, 0, 0, 0, 0, 0, 0, 0, 0, 0, 0, 0, 0
gain,mt,3, 0, 3, 0, 3, 0, 3, 0, 3, 0, 3, 0, 3, 0, 3, 0, 3, 0, 3, 0, 3, 0, 3, 0
gain,sm,3, 3, 3, 3, 3, 3, 3, 3, 3, 3, 3, 3, 0, 0, 0, 0, 0, 0, 0, 0, 0, 0, 0, 0
gain,mt,3, 3, 3, 3, 3, 3, 3, 3, 3, 3, 3, 3, 3, 3, 3, 3, 3, 3, 3, 3, 3, 3, 3, 3
loss,sm,5, 3, 3, 0, 3, 0, 3, 0, 3, 0, 3, 0, 3, 3, 3, 3, 3, 3, 3, 3, 3, 3, 3, 3
loss,sm,3, 3, 3, 3, 3, 3, 3, 3, 3, 3, 3, 3, 0, 0, 0, 0, 0, 0, 0, 0, 0, 0, 0, 0
gain,sm,0, 0, 3, 0, 0, 0, 3, 0, 3, 0, 3, 0, 3, 0, 3, 0, 3, 0, 3, 0, 3, 0, 3, 0
gain,sm,3, 3, 3, 3, 3, 3, 3, 3, 3, 3, 3, 3, 0, 0, 0, 0, 0, 0, 0, 0, 0, 0, 0, 0
loss,sm,NA,NA
gain,sm,3, 3, 3, 3, 3, 3, 0, 0, 0, 0, 0, 0, 0, 0, 0, 0, 0, 0, 0, 0, 0, 0, 0, 0
loss,mt,3, 4, 3, 3, 4, 3, 3, 2, 3, 0, 3, 0, 3, 2, 3, 0, 3, 0, 3, 0, 3, 0, 3, 0
gain,mt,3, 3, 3, 3, 3, 3, 3, 0, 3, 0, 3, 0, 3, 0, 3, 0, 3, 0, 3, 0, 3, 0, 3, 0
gain,mt,6, 0, 3, 0, 3, 1, 3, 0, 3, 0, 3, 0, 3, 0, 3, 0, 3, 0, 3, 0, 3, 0, 3, 0
loss,sm,3, 3, 3, 3, 3, 3, 3, 3, 3, 3, 3, 3, 3, 3, 3, 3, 3, 3, 3, 3, 3, 3, 3, 3
loss,mt,NA,NA
gain,sm,3, 3, 3, 0, 3, 0, 2, 0, 3, 0, 3, 0, 0, 0, 0, 0, 0, 0, 0, 0, 0, 0, 0, 0
loss,sm,NA,NA
loss,mt,0, 0, 3, 0, 5, 0, 3, 0, 3, 0, 3, 0, 3, 0, 3, 0, 3, 0, 4, 0, 3, 0, 0, 0
loss,mt,NA,NA
gain,mt,3, 4, 3, 3, 3, 3, 3, 3, 3, 3, 3, 3, 3, 3, 3, 3, 3, 3, 3, 3, 3, 3, 3, 3
loss,mt,3, 3, 3, 3, 3, 0, 3, 0, 3, 0, 3, 0, 3, 1, 3, 0, 3, 0, 3, 0, 3, 0, 3, 0
loss,sm,6, 7, 3, 3, 3, 3, 3, 3, 3, 3, 3, 3, 4, 3, 3, 3, 3, 3, 3, 3, 3, 3, 3, 3
gain,sm,0, 0, 0, 0, 0, 0, 3, 0, 3, 0, 3, 0, 3, 0, 3, 0, 3, 0, 3, 0, 3, 0, 3, 3
gain,sm,3, 3, 3, 3, 3, 3, 4, 1, 3, 0, 2, 0, 0, 0, 0, 0, 0, 0, 0, 0, 0, 0, 0, 0
gain,sm,3, 0, 3, 0, 3, 3, 3, 0, 3, 0, 3, 0, 0, 0, 0, 0, 0, 0, 0, 0, 0, 0, 0, 0
loss,mt,3, 0, 3, 0, 3, 3, 3, 0, 3, 0, 0, 0, 3, 0, 0, 0, 0, 0, 3, 0, 3, 0, 0, 0
loss,sm,0, 0, 0, 0, 3, 0, 3, 0, 3, 0, 3, 0, 0, 0, 0, 0, 0, 0, 0, 0, 0, 0, 0, 0
loss,mt,3, 0, 3, 0, 3, 0, 3, 0, 3, 1, 3, 0, 0, 0, 0, 0, 0, 0, 0, 0, 0, 0, 0, 0
loss,sm,2, 1, 0, 0, 0, 0, 0, 0, 0, 0, 0, 0, 0, 0, 0, 0, 0, 0, 0, 0, 0, 0, 0, 0
loss,mt,0, 0, 3, 0, 3, 0, 0, 0, 0, 0, 0, 0, 0, 0, 0, 0, 0, 0, 0, 0, 0, 0, 0, 0
loss,sm,3, 3, 3, 3, 3, 4, 3, 3, 3, 0, 3, 0, 4, 3, 3, 3, 3, 3, 3, 0, 3, 3, 3, 3
gain,mt,3, 0, 3, 0, 3, 0, 3, 0, 3, 0, 3, 0, 3, 0, 3, 0, 3, 0, 3, 0, 3, 0, 3, 0
gain,mt,1, 0, 0, 0, 0, 0, 0, 0, 0, 0, 0, 0, 0, 0, 0, 0, 0, 0, 0, 0, 0, 0, 0, 0
gain,sm,NA,NA
loss,sm,1, 0, 3, 0, 0, 0, 0, 0, 0, 0, 0, 0, 0, 0, 0, 0, 0, 0, 0, 0, 0, 0, 0, 0
gain,mt,3, 0, 3, 0, 3, 0, 3, 0, 3, 0, 3, 0, 0, 0, 0, 0, 0, 0, 0, 0, 0, 0, 0, 0
loss,sm,4, 6, 3, 0, 3, 3, 3, 0, 3, 0, 4, 0, 3, 1, 3, 0, 3, 3, 3, 1, 3, 0, 3, 1
loss,mt,3, 0, 3, 0, 3, 0, 3, 0, 3, 0, 3, 0, 3, 2, 3, 0, 3, 0, 3, 0, 3, 0, 3, 0
loss,sm,3, 3, 3, 3, 3, 3, 3, 3, 3, 3, 3, 3, 0, 0, 0, 0, 0, 0, 0, 0, 0, 0, 0, 0
gain,sm,3, 0, 3, 0, 3, 0, 3, 1, 3, 3, 3, 3, 3, 0, 3, 0, 3, 0, 0, 0, 0, 0, 0, 0
gain,sm,4, 1, 3, 1, 3, 0, 3, 1, 3, 0, 3, 0, 3, 0, 3, 0, 3, 0, 0, 0, 0, 0, 0, 0
loss,mt,3, 3, 3, 1, 3, 1, 0, 0, 3, 0, 0, 0, 3, 0, 0, 0, 0, 0, 3, 0, 0, 0, 0, 0
