uid, calorie_influence_post1, calorie_influence_post2, calorie_influence_pre1, calorie_influence_pre2, calorie_seeker_post1, calorie_seeker_post2, calorie_seeker_pre1, calorie_seeker_pre2, completedPDQ2, completedPDQ4, group, post1_getInfo, post1_moreInfo, post2_getInfo, post2_moreInfo, pre1_getInfo, pre1_moreInfo, pre2_getInfo, pre2_moreInfo, risk_level_post1, risk_level_post2, risk_level_pre1, risk_level_pre2, sic,
zBGtTaoT9NXXoiDCo,1,2,0,2, False, False, False, False, True, True, loss,11,0,9,2,10,9,9,4, high, low, high, low,20,
CpCwPvRPuXbcP6cz2,3,0,2,0, False, False, False, False, True, True, loss,3,0,0,0,9,0,0,0, high, high, high, high,20, 
z5RvEc5BoDxBiH3iy,0,0,2,0, True, True, True, True, True, True, gain,15,0,0,0,15,0,0,0, high, high, high, high,20, 
nTjB9cbr4ip2uXa8g,3,2,0,2, False, False, False, False, True, True, gain,15,1,15,1,15,13,15,6, high, high, high, high,20, 
q7T5qjCJmLKiFDM7B,1,1,1,1, True, True, True, True, True, True, loss,12,0,15,0,15,7,15,0, high, high, high, high,21, 
XCDm5KKWWLKo82ig8,3,0,0,0, False, False, False, False, True, True, gain,15,0,9,1,10,6,9,0, high, low, high, low,20, 
TYLSC3JKidf2ijqLa,1,1,3,1, False, False, False, False, True, True, gain,15,8,15,0,15,12,18,0, high, high, high, high,20, 
Ka7uwDPR6rD8fmrYq,0,0, empty,0, False, False, empty, False, True, True, loss,12,12,12,10,19,18,12,10, high, high, empty, high,20, 
rzgwdpdiJDSxYGZnA,3,1,2,1, True, False, False, False, True, True, gain,15,15,15,14,15,14,15,15, high, high, high, high,20, 
eCXK2ArfS3criAJTB,2,1,1,1, False, False, False, False, True, True, gain,13,0,11,0,12,0,15,3, low, high, high, high,20, 
i8NjyEXvuMDxg5nGL,1,1,2,1, True, True, True, True, True, True, gain,14,7,15,15,15,3,12,12, high, high, high, high,20, 
yqvi6AycizdfMW67J,0,0,0,0, False, False, False, False, True, True, gain,0,0,0,0,1,0,0,0, low, low, low, low,20, 
tDQkgwFiLneeqykeP,0,3,1,3, False, False, False, False, True, True, gain,13,9,16,15,15,15,15,15, high, high, high, high,20, 
NvQHkQfCNThsLfjfy,0,3,1,3, False, True, False, True, True, True, loss,12,0,9,3,12,0,9,0, high, high, high, high,20, 
DE4yEJwaXQHEzKcQa,1,1,3,1, False, True, False, True, True, True, loss,15,0,15,0,16,0,15,0, high, high, high, high,20, 
NEBKBc4v4z22JjHsM,1,1,2,1, True, True, True, True, True, True, gain,13,0,15,2,11,0,15,0, high, high, high, high,20, 
ufYSbrs2puEYHomhr,1,1,1,1, False, False, False, False, True, True, loss,12,12,15,15,15,15,15,15, high, high, high, high,20, 
oD7a6GFkarvp84PRt,1,1,1,1, False, True, True, True, True, True, gain,15,17,12,9,18,15,15,13, high, high, high, high,20, 
47GQnCY9tKY6QcziM,0,0,3,0, False, False, False, False, True, True, gain,15,15,15,15,15,16,15,16, low, low, low, low,20, 
yZoeMgzGtaMeqaFnP,1,1,2,1, False, True, False, True, True, True, loss,15,6,15,6,15,16,16,12, high, high, high, high,20, 
DjhvjjCAx4ASj2o8R,0,0,0,0, False, False, False, False, True, True, gain,0,0,0,0,1,0,0,0, low, low, low, low,10, 
KtmBDbHyRWmxF3pSe,1,1,1,1, False, False, True, False, True, True, loss,15,0,15,0,15,3,15,0, high, high, high, high,20, 
wZbv3M3dFcDzAi36e,1,1,2,1, False, False, False, False, True, True, gain,15,0,15,6,2,0,15,0, high, high, high, high,20, 
hFMehFgYKLkcpyuQ9,1,0,0,0, True, False, True, False, True, True, gain,9,0,0,0,15,13,3,1, high, high, high, high,20, 
HzyJf3ecpepyFffL9,2,2,3,2, True, False, False, False, True, True, gain,14,12,15,11,14,14,13,13, high, high, high, high,20, 
JzmhwhLyzer2RAe6v,3,1,3,1, False, False, False, False, True, True, gain,15,1,15,1,13,0,15,1, low, low, low, low,21, 
EKWRiN76o86oB7anS,1,2,1,2, True, False, False, False, True, True, gain,15,0,9,0,12,0,15,0, high, high, high, high,21, 
kErKZoNcgLDEQLh9h,0,0,3,0, False, False, False, False, True, True, gain,0,0,0,0,2,0,0,0, high, high, high, high,20, 
Wsfum3agWhXQX8CXx,1,1,1,1, True, True, True, True, True, True, gain,13,0,0,0,15,0,15,0, high, high, high, high,20, 
yqM2BRFq8ZRfjjLkq,0,0,0,0, False, False, False, False, True, True, gain,15,0,12,0,15,0,15,0, high, high, high, high,20, 
XXfq2mbXgiwoevAzb,0,2,0,2, False, True, False, True, True, True, gain,15,6,12,2,15,3,15,0, high, high, high, high,20, 
F3ZWcZX7ARkhPJmRW,3,1,2,1, True, True, True, True, True, True, gain,12,10,15,14,15,15,15,15, high, high, high, high,20, 
bWNtxPkGd8xNqDf2H,1,1,1,1, True, True, False, True, True, True, gain,15,15,15,15,15,15,15,15, high, high, high, high,20, 
btruDZRTdLHpSMw8Z,2,2,1,2, True, True, True, True, True, True, gain,15,0,15,0,9,4,15,0, high, high, high, high,20, 
2uka6dm2y2BiZJ2zv,1,1,2,1, True, True, False, True, True, True, gain,15,0,0,0,9,0,15,1, high, high, high, high,20, 
KgZMYh23LzaJQn9xQ,1,1,1,1, False, False, False, False, True, True, loss,15,0,15,3,15,0,15,0, high, high, low, high,20, 
P3KQ9YkjZxt4RLM8n,3,3,2,3, False, True, False, True, True, True, loss,15,0,15,0,15,0,15,0, high, high, high, high,20, 
u469QjCESYfQpGHJC,1,1,2,1, True, False, False, False, True, True, gain,16,0,15,0,9,0,17,0, high, high, high, high,20, 
XjQr98bXFF7M3ndcy,1,2,3,2, False, False, False, False, True, True, gain,17,13,0,0,15,0,0,0, low, high, low, high,10, 
JSbt6gZfMo7joBzGv,0,1,2,1, False, False, False, False, True, True, loss,12,9,10,6,15,1,14,14, high, high, high, high,20, 
Lcmknpky6pFHN3tQu,1,0,3,0, True, False, False, False, True, True, loss,15,0,15,0,15,6,15,3, high, high, low, high,20, 
ZNHoLFfThXn3dxpiE,1,1,1,1, True, True, True, True, True, True, gain,15,0,15,0,15,0,15,0, high, high, high, high,20, 
XsvK4NT3Nh5wjR8En,2,0,2,0, True, False, True, False, True, True, loss,15,15,15,15,15,15,15,15, high, high, high, high,20, 
iNRN7ctrXkwmZQSxt,1,1,0,1, True, True, True, True, True, True, gain,15,0,15,15,12,9,15,15, high, high, high, high,20, 
YtSdEqNJzaQeCopij,1,2,1,2, True, True, False, True, True, True, loss,15,14,0,0,15,15,0,0, high, high, high, high,10, 
5FeAYE9ht2bBCK8Lk,1,1,2,1, False, False, False, False, True, True, loss,15,3,15,9,15,15,15,15, high, high, high, high,20, 
5eAZsM6sSPgLp2AGc,0,0,0,0, False, False, False, False, True, True, gain,9,0,0,0,13,0,2,2, high, low, low, low,20, 
7Rn59QWiRLMAcySTj,2,1,1,1, True, True, True, True, True, True, gain,12,0,15,6,9,0,15,12, high, high, high, high,20, 
79cjqjh3rhGT85Z35,3,1,1,1, False, False, False, False, True, True, gain,15,0,0,0,12,5,15,1, high, high, high, high,22, 
qXjSPCjisfJ95eEvt,0,0,0,0, False, False, False, False, True, True, gain,15,0,15,14,9,0,15,12, high, high, high, high,20, 
qifugRh7PhFJPpCmX,0,2,2,2, True, False, False, False, True, True, gain,9,12,0,0,20,12,0,0, high, high, high, high,10, 
RRGteZxa2sZLjy7tF,3,2,3,2, False, False, False, False, True, True, gain,15,10,15,12,15,6,15,15, high, high, high, high,20, 
nxAYw9WDEpZEActyW,0,1,0,1, False, False, False, False, True, True, gain,15,11,3,0,15,15,9,6, low, low, low, low,20, 
Zni6Soax4z3GW8Df2,0,2,0,2, False, False, False, False, True, True, gain,15,0,0,0,13,0,15,0, high, high, high, high,20, 
xPohAATJY45H5Nmhy,0, empty,3, empty, False, empty, False, empty, True, True, loss,12,0,9,0,9,3,10,0, low, empty, low, empty,22, 
MYDbh5c4b3ziMKmbt,1,3,1,3, True, False, False, False, True, True, loss,15,15,0,0,15,15,0,0, high, high, high, high,10, 
naXyBAkcHQnvmWAq2,0,2,3,2, False, False, False, False, True, True, loss,9,6,0,0,15,15,10,10, high, high, high, high,20, 
zHSLFZ2ThvDD5HYzx,1,1,1,1, True, False, False, False, True, True, loss,12,0,15,0,12,0,15,2, high, high, high, high,20, 
BynvkWSwo2taRoXrX,3,0,0,0, False, False, False, False, True, True, gain,15,15,15,15,16,15,15,15, low, low, low, low,20, 
uSMjBeZWWWbr389eX,1,2,1,2, True, True, True, True, True, True, loss,15,2,15,0,16,16,15,2, high, high, high, high,21, 
Xyy2u4fX5w8ZXBK3y,1, empty,3, empty, True, empty, True, empty, True, True, loss,15,12,8,0,15,15,9,0, high, empty, high, empty,20, 
nyhJYddWvp3BB3QQw,1,2,2,2, True, True, True, True, True, True, loss,15,6,15,12,15,0,15,15, high, high, high, high,20, 
Qqh6muXhTuf3GrNiT,1,3,3,3, False, False, False, False, True, True, loss,15,0,15,0,12,0,15,0, high, high, high, high,20, 
YGJd65DmqYzQazNgB,0,3,0,3, False, False, False, False, True, True, loss,12,3,12,3,15,9,12,9, high, high, high, high,20, 
TRHpDyjtFJ4Bf98dL,3,2,0,2, False, False, False, False, True, True, loss,0,0,0,0,5,0,0,0, high, high, high, high,20, 
7WepedTffMwj4827y,2,1,0,1, False, False, False, False, True, True, loss,15,1,9,0,10,9,15,0, high, high, high, high,20, 
7pCqtPS3WupS8an42,1,1,0,1, True, True, False, True, True, True, gain,15,0,15,0,15,0,15,15, high, high, high, high,20, 
sXZRJJZZ4ukn5Rhsa,0,2,0,2, False, False, False, False, True, True, loss,9,0,9,0,9,6,9,3, low, high, low, high,20, 
J4zEKsDmhBZRemQxx,1,1,1,1, True, True, True, True, True, True, loss,12,0,15,0,15,0,15,0, high, high, high, high,20, 
E3NcHz7W573rHYeyY,0,1,1,1, True, True, False, True, True, True, loss,16,4,12,0,18,15,9,3, high, high, high, high,20, 
Bpj4sGSnkFdkCCxNf,2,3,2,3, True, False, False, False, True, True, loss,15,13,15,15,15,15,15,15, high, high, high, high,21, 
CLtNCJghz2jZqxeK9,0,1,0,1, False, False, False, False, True, True, gain,14,0,15,0,7,0,15,0, low, low, high, low,20, 
CBqTRZWRzXAgfN9Yy,3,2,1,2, True, True, True, True, True, True, gain,9,0,0,0,7,2,4,1, high, high, high, high,20, 
AwhQeCLDxEyvjTy3X,0,0,0,0, False, False, False, False, True, True, gain,15,12,15,9,16,9,15,15, high, high, low, high,20, 
KhryLZQ5TvoZre7Wq,0,1,1,1, False, True, True, True, True, True, loss,13,2,0,0,7,0,0,0, low, high, high, high,20, 
ppT2KoixinaKc9zLD,2,1,1,1, False, False, False, False, True, True, gain,15,15,15,12,9,9,15,15, high, high, high, high,20, 
K3ZMCWFyEZDHrTyJs,0,1,0,1, False, False, False, False, True, True, gain,12,9,9,0,15,12,15,12, low, low, high, low,20, 
qBC3M3KQn9vNCcPqE,1,2,0,2, True, True, True, True, True, True, gain,16,6,16,12,12,0,16,15, high, high, high, high,20, 
4KFh6N3nNwuJAz9bM,1,1,1,1, True, True, True, True, True, True, gain,15,15,15,14,15,15,15,15, high, high, high, high,20, 
r7ouGiTYscdMz7S96,0,2,0,2, False, False, False, False, True, True, gain,9,0,0,0,9,0,9,0, high, high, high, high,20, 
46jJ5bQRXvenhFmTb,0,0,0,0, False, False, False, False, True, True, gain,2,0,0,0,15,6,0,0, high, high, high, high,20, 
SPtAAc7NJbzx6HGnv,1,1,1,1, True, True, True, True, True, True, gain,16,0,15,0,15,12,15,1, high, high, high, high,20, 
WWN5DFC5NTCBf5mzm,1,1,1,1, True, True, True, True, True, True, gain,15,15,15,15,15,15,16,15, high, high, high, high,20, 
e3qn8csAYTbHfMxkK,2,0,0,0, False, False, False, False, True, True, gain,15,15,9,3,12,12,15,15, low, high, low, high,21, 
no24mX6RndnhrbK2G,0,1,0,1, True, True, True, True, True, True, gain,12,2,0,0,9,2,15,0, high, high, high, high,20, 
veJrsxDb3LXrES4xG,0,2,0,2, True, True, True, True, True, True, loss,0,0,0,0,0,0,0,0, high, high, high, high,20, 
TmShwF9bwp277DCmb,1,1,1,1, True, True, True, True, True, True, loss,15,3,0,0,12,14,0,0, high, high, high, high,10, 
oWHGBei3dY4SjyLpw,1,1,0,1, False, False, False, False, True, True, loss,12,0,15,0,15,0,9,0, high, high, low, high,20, 
iw4jvD5va5fnWukXC,3,3,3,3, True, False, True, False, True, True, loss,15,0,12,0,9,0,15,0, low, low, high, low,20, 
w7iHdtHuvS62tpX9A,1,1,0,1, False, False, False, False, True, True, gain,15,15,15,15,15,16,15,15, high, high, high, high,20, 
RiaXcXZD8EMe3D675,1,0,0,0, False, False, False, False, True, True, loss,16,0,0,0,9,0,0,0, low, low, low, low,20, 
RMo96PZASrs7J7ShD,0,3,0,3, False, False, False, False, True, True, loss,15,0,9,0,15,1,9,0, high, high, high, high,20, 
L4ym7sk99zbs7SpRS,2,2,0,2, True, True, True, True, True, True, gain,15,0,15,0,15,0,15,3, high, high, high, high,20, 
JYCXAYdtPkWscrdLB,1,1,1,1, True, True, True, True, True, True, loss,12,0,15,0,15,12,15,0, high, high, high, high,20, 
Yq2tfTdFxrtJJrtiK,1,1,2,1, False, False, False, False, True, True, loss,15,0,15,2,13,0,15,0, high, high, high, high,20, 
AqpMTK8pfa3ZDgCnX,0,1,3,1, False, False, False, False, True, True, loss,9,6,7,0,11,10,6,0, low, low, low, low,20, 
8AFCu9YsQmR2WDkrk,1,1,3,1, True, True, False, True, True, True, loss,15,3,14,0,12,2,11,3, high, high, high, high,20, 
uaKgcq3eKvpoHhiRp,1,1,1,1, True, False, True, False, True, True, gain,15,0,9,0,15,12,15,0, high, high, high, high,20, 
e39vqG226v3BajR5r,0,3,1,3, True, True, False, True, True, True, gain,0,0,0,0,9,1,0,0, high, high, high, high,20, 
FK4Hu9RZqcpEHNEsT,1,1,1,1, True, True, True, True, True, True, gain,15,11,15,0,15,15,15,3, high, high, high, high,20, 
cLfpHqBMQyBqJmqZN,1,2,1,2, True, True, True, True, True, True, gain,16,13,15,15,15,15,15,15, high, high, high, high,20, 
2EaSSMTDRTavgzxWY,0,1,1,1, False, False, False, False, True, True, loss,6,6,0,0,19,17,15,15, high, high, high, high,20, 
BNHYtgF3y6oE5Z7KQ,3,0,0,0, False, False, False, False, True, True, gain,15,15,15,15,15,17,16,15, high, high, high, high,21, 
Af6EwezJnoFReEpua,3,0,3,0, False, False, False, False, True, True, loss,9,0,9,0,10,4,15,1, low, low, low, low,20, 
bvQKD5bRjLyvwCpPy,0,1,1,1, False, False, False, False, True, True, gain,12,9,15,0,12,11,16,7, high, high, high, high,20, 
eBK9ZbEMsYZr4qvN5,2,1,2,1, False, False, False, False, True, True, loss,15,15,15,15,15,15,15,15, high, high, high, high,20, 
8rkTWSowd8QnKYkrE,0,1,2,1, False, False, False, False, True, True, gain,15,15,9,9,10,9,12,13, high, high, high, high,20, 
zr6MbzW9igA4q3Bpk,3,1,0,1, False, True, False, True, True, True, gain,15,4,0,0,16,2,15,2, high, high, high, high,20, 
DW37WiLZena9WDYfN,3,1,2,1, False, False, False, False, True, True, loss,12,0,18,11,9,1,10,9, low, high, low, high,20, 
c7KXKPxqoFftvbiRo,0,0,0,0, False, False, False, False, True, True, gain,1,1,0,0,5,0,0,0, low, low, low, low,20, 
YiHmJ4qLbxiwyjMFd,2,3,3,3, True, True, False, True, True, True, gain,15,15,12,12,16,15,12,12, high, high, high, high,20, 
k3GpWCr7PFT6C8hp7,0,0,2,0, False, False, True, False, True, True, gain,9,0,0,0,10,0,15,0, high, high, high, high,20, 
trErkp8jGhzNAdEsC,1,1,1,1, True, True, False, True, True, True, loss,12,0,15,12,12,3,15,15, high, high, high, high,20, 
2HF6FqEczphrX2Bid,1,1,1,1, False, False, False, False, True, True, gain,15,4,9,0,15,12,15,3, high, high, low, high,20, 
J2cummHqPe6hMCzQa,2,2,1,2, True, True, False, True, True, True, gain,15,4,9,0,15,0,17,12, high, high, high, high,20, 
kzsfFDBTiA8Hm5zG8,1,1,1,1, True, True, True, True, True, True, gain,15,0,9,0,9,0,9,0, high, high, high, high,20, 
peZip3nZ25pQ4ism4,2,2,3,2, True, True, False, True, True, True, loss,15,15,15,15,16,15,15,15, high, high, high, high,20, 
udy3MprwBQ5HiyMCT,1,0,1,0, True, True, True, True, True, True, gain,15,0,15,0,18,1,15,0, high, high, high, high,22, 
L4YKzb3s57NWd6NAv,2,1,1,1, False, True, True, True, True, True, loss,19,4,0,0,10,3,0,0, high, high, high, high,10, 
Wxu8k7df9yj4j6573,1,2,2,2, True, False, False, False, True, True, gain,15,0,15,15,15,0,15,11, high, high, high, high,20, 
sffrXtuXr5TiAB4mp,3,1,1,1, False, False, False, False, True, True, gain,15,0,15,0,15,0,15,0, high, high, high, high,22, 
MLNEv85tZLCBBPkBJ,2,0,1,0, False, False, False, False, True, True, loss,15,0,15,0,15,3,11,0, low, low, high, low,22, 
KM8aPtzLYKjy9Wd6r,0,1,3,1, False, False, False, False, True, True, loss,12,0,15,0,15,4,15,3, high, high, high, high,20, 
XEFQSfMA4Np9cuPw7,3,2,0,2, False, False, False, False, True, True, gain,12,9,9,0,9,0,9,0, low, low, low, low,20, 
wLGnCDxPy8oExZXAx,1,1,1,1, True, True, True, True, True, True, loss,15,15,15,15,18,19,16,15, high, high, high, high,20, 
PqWLTxemD9c69esfF,1,2,1,2, False, True, False, True, True, True, loss,12,3,9,0,12,9,15,9, high, high, high, high,20, 
LpifnQpyoAC96S573,1,1,1,1, True, True, True, True, True, True, gain,15,12,15,9,14,14,15,9, high, high, high, high,20, 
GBR5Ti7uHcvswPGew,1,1,3,1, False, True, True, True, True, True, gain,15,9,16,15,15,9,15,16, high, high, high, high,20, 
65rkkh9mvCWJswXdW,2,1,2,1, True, False, False, False, True, True, gain,15,6,12,6,9,6,15,15, high, high, high, high,20, 
ozofPi8aj5tyaT4eg,1,1,1,1, False, True, False, True, True, True, gain,15,0,15,0,15,0,15,0, high, high, high, high,20, 
Go273GW8uicZrCdSD,0,1,2,1, True, True, True, True, True, True, loss,9,0,10,3,12,3,15,2, high, high, high, high,20, 
gouSf322Wfbff39Ry,1,1,2,1, True, True, True, True, True, True, gain,13,1,15,4,16,0,12,0, high, high, high, high,20, 
nXMXFzpgTi4qgwWK6,2,3,2,3, True, True, True, True, True, True, loss,15,1,15,1,16,0,12,6, high, high, high, high,20, 
cSZYtAZP8JYGj5YJm,2,3,3,3, True, True, False, True, True, True, gain,15,0,15,15,15,12,15,15, high, high, high, high,22, 
A8Cj2fKdNtZJqYLwh,1,2,1,2, False, False, False, False, True, True, loss,15,0,15,0,15,10,9,0, high, high, high, high,20, 
Ny9gao85Xj9EsukBG,3,1,3,1, False, False, True, False, True, True, gain,15,0,15,0,15,0,15,0, high, high, high, high,20, 
9et3SfHGXPybDEQvA,0,1,2,1, False, False, False, False, True, True, gain,9,9,0,0,11,11,0,0, high, high, low, high,10, 
ANpFmJSXtcMZLsKb7,0,0,0,0, False, False, False, False, True, True, loss,15,9,9,9,15,12,15,15, high, high, high, high,20, 
pnco6QuR9SNdHu77x,0,3,3,3, False, False, False, False, True, True, gain,12,0,9,0,15,12,9,6, high, high, high, high,20, 
DJkv5Fv9S4kWNyB3h,0,0,0,0, False, False, False, False, True, True, loss,9,6,0,0,10,3,0,0, high, high, high, high,21, 
9ywHQR3mBPMwFxoz9,3,1,2,1, empty, True, True, True, True, True, loss,7,0,0,0,15,0,12,0, empty, high, high, high,20, 
pJmeMQeWgG5t6W9qP,1,1,1,1, True, True, True, True, True, True, loss,12,1,15,0,15,0,15,3, high, high, high, high,20, 
wGaSKjvm4o49LhLrg,2,1,2,1, False, False, False, False, True, True, loss,15,0,15,0,15,7,15,1, high, high, high, high,20, 
za7LyLyEjai9LEXHc,1,1,1,1, False, False, False, False, True, False, gain,12,7,0,0,9,0,12,0, high, high, high, high,15, 
m3PpL6WcoykRyE6pm,0, empty,0, empty, False, empty, True, empty, True, False, gain,9,1,0,0,12,0,0,0, high, empty, high, empty,10, 
ShADd3RgtYRfwa2MZ,1,1,1,1, False, False, False, False, True, False, gain,15,15,9,9,15,15,15,12, high, high, high, high,21, 
Q8rabz9pmuEnvSaoN,1, empty,1, empty, True, empty, True, empty, True, False, gain,15,1,0,0,15,1,0,0, high, empty, high, empty,10, 
PmfEWQEeSM8RQm9sL,2, empty,3, empty, empty, empty, False, empty, True, False, loss,15,15,0,0,15,9,0,0, empty, empty, high, empty,10, 
AQxTawn2raLNgqZ3P,1,1,1,1, False, False, True, False, True, False, loss,15,15,9,9,15,15,15,15, high, high, high, high,21, 
zsJhRyaRoAYMth497,0, empty,2, empty, False, empty, False, empty, True, False, loss,3,0,9,0,9,5,9,6, high, empty, low, empty,21, 
QmvwaSmSW9vegKCLm,1, empty,0, empty, False, empty, False, empty, True, False, loss,15,0,0,0,15,0,0,0, high, empty, high, empty,12, 
DyGdnuktRvCnzAwJi,0, empty,1, empty, False, empty, False, empty, True, False, loss,0,0,0,0,12,12,0,0, high, empty, high, empty,10, 
yYx4x55HrFLHFahMb,0, empty,0, empty, False, empty, False, empty, True, False, loss,0,0,0,0,9,0,0,0, low, empty, low, empty,10, 
SoKJoq72nqsZeYAav,2, empty,0, empty, False, empty, False, empty, True, False, gain,0,0,0,0,13,2,0,0, high, empty, high, empty,10, 
WPYRr5aobwBj73DEK,2, empty,2, empty, True, empty, True, empty, True, False, loss,15,0,0,0,15,0,0,0, high, empty, high, empty,10, 
A4p7aBR98rJFBJaEL,0, empty,0, empty, True, empty, True, empty, True, False, loss,0,0,0,0,5,4,0,0, high, empty, high, empty,10, 
9n5EpvJB2WfCAocg2,2, empty,2, empty, empty, empty, False, empty, True, False, gain,16,0,0,0,16,1,0,0, empty, empty, high, empty,10, 
EsvySo9AtybDSYAs8,1,1,1,1, True, True, True, True, True, False, loss,15,0,10,0,15,0,17,6, high, high, high, high,21, 
H4f5GuygEFHZk35Nx,3, empty,0, empty, False, empty, False, empty, True, False, loss,14,0,0,0,9,1,0,0, high, empty, high, empty,10, 
usYEPKufrajuNF47i,0, empty,3, empty, False, empty, True, empty, True, False, gain,8,0,0,0,9,3,0,0, high, empty, high, empty,10, 
xM423TEd4E3xpgssf,1, empty,1, empty, True, empty, False, empty, True, False, gain,15,0,0,0,15,3,0,0, high, empty, high, empty,10, 
C8ZZyaoAKK74u5sYq,0, empty,0, empty, False, empty, False, empty, True, False, loss,0,0,0,0,15,0,0,0, low, empty, low, empty,10, 
zPcauKCwjaC6ZF2to,3, empty,3, empty, False, empty, False, empty, True, False, loss,10,9,0,0,9,9,0,0, high, empty, high, empty,10, 
3Scv4Lh7AfesJPwhd,0, empty,2, empty, False, empty, True, empty, True, False, loss,15,15,0,0,15,16,0,0, high, empty, high, empty,10, 
5TdrRvXeviEEB2782,1,0,1,0, False, True, False, True, True, False, loss,12,0,9,0,6,1,8,0, high, high, high, high,21, 
jDE43c8DM6a8vfhLt,3, empty,0, empty, True, empty, False, empty, True, False, gain,0,0,0,0,9,1,0,0, high, empty, high, empty,15, 
uiWHRDoF5BGb4wL2S,0, empty,0, empty, False, empty, False, empty, True, False, loss,0,0,0,0,0,0,0,0, high, empty, high, empty,10, 
mMzbDo23w5dTrdSEk,2, empty,1, empty, True, empty, True, empty, True, False, gain,16,0,0,0,15,13,0,0, high, empty, high, empty,10, 
5bASBojyYxYwsQXxd,1, empty,0, empty, False, empty, False, empty, True, False, gain,15,0,0,0,6,0,0,0, high, empty, high, empty,12, 
L9LpdeQFGzvFngGYS,0,0,3,0, False, True, False, True, True, False, gain,15,15,9,1,12,12,15,0, high, high, high, high,21, 
wtSLbuDzbcFjvfDEf,1, empty,3, empty, False, empty, False, empty, True, False, gain,15,4,0,0,10,9,0,0, high, empty, high, empty,10, 
rwmxw6YBuepteyj3w,3, empty,0, empty, False, empty, False, empty, True, False, gain,12,3,0,0,9,9,12,6, high, empty, high, empty,14, 
JRcAvo7ghDwhDZL84,2, empty,1, empty, True, empty, True, empty, True, False, gain,13,3,0,0,16,15,3,1, high, empty, high, empty,11, 
8nBmn9tiXEPEpabJq,0,0,0,0, False, False, True, False, True, False, loss,0,0,0,0,0,0,0,0, high, high, high, high,15, 
sd2kFccpmJrtKtWXt,1, empty,0, empty, False, empty, False, empty, True, False, loss,16,0,0,0,14,5,0,0, high, empty, high, empty,10, 
6A43r9ZERAEEDbZ8E,2, empty,3, empty, True, empty, True, empty, True, False, loss,15,15,0,0,16,6,0,0, high, empty, high, empty,10, 
sRnsZm6AXGfuFXaBL,0,0,0,0, False, False, False, False, True, False, loss,3,0,0,0,12,1,0,0, high, high, high, high,21, 
smxtCGqQDdoxSBHnM,2, empty,1, empty, True, empty, True, empty, True, False, gain,15,15,0,0,15,15,0,0, high, empty, high, empty,10, 
n57DFjukqiJmSHEDQ,2,1,3,1, False, False, False, False, True, False, loss,15,0,9,0,12,6,9,0, low, high, low, high,21, 
ZB5o3tfWNxeqjrk9A,0, empty,2, empty, False, empty, False, empty, True, False, loss,0,0,0,0,9,4,0,0, high, empty, high, empty,10, 
yGMwpC8mFpdaBHsxc,2, empty,1, empty, True, empty, False, empty, True, False, loss,15,1,0,0,15,0,0,0, high, empty, high, empty,10, 
qgdrKE9jGNxfQQS8Z,3,1,2,1, True, empty, True, empty, True, False, gain,5,0,0,0,2,0,9,2, high, empty, high, empty,15, 
cWth44wpGS4qP2Yub,0, empty,3, empty, False, empty, False, empty, True, False, loss,13,0,0,0,7,1,0,0, high, empty, high, empty,10, 
GL2hudNdtRviGrbv6,0, empty,1, empty, False, empty, False, empty, True, False, gain,15,12,0,0,15,15,0,0, high, empty, high, empty,10, 
XgZraYjGuDarzP3r7,0,0,2,0, False, False, False, False, True, False, loss,0,0,0,0,9,9,0,0, low, low, low, low,15, 
B2ZCZF78M52DaYdRe,1,1,1,1, True, False, True, False, True, False, gain,17,3,0,0,13,9,15,15, high, high, high, high,15, 
mhWeQdWa9FaKczAnW,0, empty,0, empty, True, empty, False, empty, True, False, loss,15,15,0,0,15,15,0,0, high, empty, high, empty,10, 
QzQ7qWvZvRxG3DTiQ,2, empty,2, empty, True, empty, True, empty, True, False, loss,15,15,0,0,15,15,0,0, high, empty, high, empty,10, 
qHfPbdZH5ooEhRGj5,0, empty,0, empty, False, empty, False, empty, True, False, loss,15,10,0,0,15,9,0,0, high, empty, high, empty,10, 
5myTGNQJvs2WKRHzh,0,3,0,3, False, True, False, True, True, False, gain,15,0,12,0,15,0,15,0, high, high, high, high,21, 
vHTKf9kPuCEvY8Fb8,2,3,1,3, False, False, True, False, True, False, loss,15,0,13,0,15,0,15,0, high, high, high, high,21, 
XAgek4Txgcr6zNhkX,3, empty,1, empty, False, empty, False, empty, True, False, gain,9,6,0,0,12,9,0,0, low, empty, low, empty,10, 
9bSZGxpzwYt8Zz8Kx,1, empty,2, empty, False, empty, False, empty, True, False, loss,15,15,0,0,15,13,0,0, low, empty, low, empty,10, 
qTogdieYhMcvruSAz,1, empty,1, empty, True, empty, True, empty, True, False, gain,15,3,0,0,15,15,0,0, high, empty, high, empty,10, 
EK5MKqzgwbKp4H3b3,1,1,1,1, True, True, True, True, True, False, loss,11,0,0,0,9,1,12,0, high, high, high, high,15, 
u4ij2RsfoD2QLvBEb,2, empty,0, empty, True, empty, True, empty, True, False, gain,15,15,0,0,15,15,0,0, high, empty, high, empty,12, 
nn9r35Fnm3dt4Mwac,0, empty,3, empty, False, empty, False, empty, True, False, loss,9,0,0,0,12,0,0,0, low, empty, low, empty,10, 
8RWtRBznZwaQXtTjy,3, empty,3, empty, True, empty, True, empty, True, False, loss,15,0,0,0,18,0,0,0, high, empty, high, empty,10, 
NfD5PKGzZSHiMziDZ,2, empty,2, empty, False, empty, False, empty, True, False, gain,15,1,0,0,15,0,0,0, high, empty, high, empty,10, 
idBwv2cHpmaynrZhD,1, empty,0, empty, True, empty, False, empty, True, False, gain,16,6,0,0,16,12,0,0, high, empty, high, empty,10, 
qf7G2up2hE5qScuK9,2, empty,2, empty, False, empty, False, empty, True, False, gain,9,2,0,0,9,5,0,0, low, empty, low, empty,10, 
MrGZ6mh63fudmqYDf,2,3,0,3, False, False, False, False, True, False, gain,15,0,0,0,12,0,15,0, high, high, high, high,15, 
MA2uPdyzNp9BQAqer,0, empty,0, empty, empty, empty, False, empty, True, False, loss,0,0,0,0,2,0,0,0, empty, empty, low, empty,10, 
qSx3DCWftYj2wsCyv,3,1,0,1, False, True, False, True, True, False, gain,15,0,3,0,3,0,15,0, high, high, high, high,21, 
fhuLXXHqMQ5d8rDAn,1, empty,1, empty, False, empty, False, empty, True, False, loss,15,0,0,0,13,0,0,0, high, empty, high, empty,12, 
gMminThzBtZJ7uSsx,1, empty,1, empty, True, empty, True, empty, True, False, loss,15,0,0,0,15,0,0,0, high, empty, high, empty,12, 
8LxJGcCiZ4Qc6jQuJ,3,0,0,0, False, False, False, False, True, False, gain,15,2,9,9,12,12,15,9, high, high, high, high,21, 
NLM74X7BawyDFny4v,1,2,1,2, False, False, False, False, True, False, gain,15,6,12,1,16,0,12,0, high, high, high, high,21, 
MWawPm7rihwQdSfEc,1, empty,1, empty, False, empty, False, empty, True, False, loss,15,12,0,0,15,15,0,0, high, empty, high, empty,10, 
PxTtMMdoKkhi9R3EA,0, empty,1, empty, False, empty, True, empty, True, False, gain,0,0,0,0,7,0,0,0, high, empty, high, empty,10, 
xnnYT3aWf6eE4Q6y9,3, empty,0, empty, True, empty, True, empty, True, False, loss,15,0,0,0,7,0,0,0, high, empty, high, empty,10, 
q4HPxfuFegecSLdDp,1, empty,3, empty, True, empty, True, empty, True, False, loss,15,12,0,0,13,6,0,0, high, empty, high, empty,10, 
LcANkd9aNJ5k5m36D,2,3,2,3, False, False, False, False, True, False, loss,15,0,9,0,18,1,15,0, high, high, high, high,21, 
JJ5EnHryZ8c2oGQCB,3, empty,0, empty, True, empty, True, empty, True, False, gain,15,0,0,0,15,0,0,0, high, empty, high, empty,10, 
db7vBSrm7682SAdgu,2, empty,1, empty, False, empty, False, empty, True, False, loss,12,0,0,0,10,0,0,0, high, empty, low, empty,10, 
WxM5cQu2SaeRc9e8S,1, empty,2, empty, False, empty, False, empty, True, False, loss,12,0,0,0,12,9,0,0, high, empty, high, empty,10, 
tyLjuwcbAbuazEQiG,3, empty,0, empty, False, empty, False, empty, True, False, loss,15,15,0,0,15,15,0,0, high, empty, high, empty,10, 
YM8venxunpNq9B2xq,2,0,0,0, False, False, False, False, True, False, loss,12,9,0,0,32,12,0,0, high, high, high, high,21, 
PxZYxaGdJhcnoWWsT,3, empty,2, empty, False, empty, False, empty, True, False, loss,15,14,0,0,12,13,0,0, high, empty, high, empty,10, 
fQW4FvoD7YJtY65Xj,2,2,1,2, True, True, True, True, True, False, gain,10,0,0,0,13,2,9,1, high, high, high, high,21, 
2EXM3D2Y33A7MB3o7,1, empty,0, empty, False, empty, False, empty, True, False, gain,15,12,0,0,15,0,0,0, high, empty, high, empty,10, 
qrNAAeg7FP95EfroE, empty, empty, empty, empty, empty, empty, empty, empty, False, False, loss,0,0,0,0,0,0,0,0, empty, empty, empty, empty,0, 
oWH6h5H2Aan4hPFFQ, empty, empty, empty, empty, empty, empty, empty, empty, False, False, gain,0,0,0,0,0,0,0,0, empty, empty, empty, empty,0, 
kfECEEcmNpeJczEMF, empty, empty, empty, empty, empty, empty, empty, empty, False, False, loss,0,0,0,0,0,0,0,0, empty, empty, empty, empty,0, 
RjQgyeCowSqTymhY8, empty, empty, empty, empty, empty, empty, empty, empty, False, False, gain,0,0,0,0,0,0,0,0, empty, empty, empty, empty,0, 
uHwSGkE8yothku3Pp, empty, empty,1, empty, empty, empty, True, empty, False, False, gain,0,0,0,0,15,15,0,0, empty, empty, high, empty,5, 
6puo2keQXS7qFE8Gt, empty, empty, empty, empty, empty, empty, empty, empty, False, False, gain,0,0,0,0,0,0,0,0, empty, empty, empty, empty,0, 
NpxEN3tJkDE5sfgme, empty, empty, empty, empty, empty, empty, empty, empty, False, False, loss,0,0,0,0,0,0,0,0, empty, empty, empty, empty,0, 
Ejpy6KBYzEzY4XcBm, empty, empty, empty, empty, empty, empty, empty, empty, False, False, loss,0,0,0,0,0,0,0,0, empty, empty, empty, empty,0, 
JMt66CesJw8ANNdAw, empty, empty, empty, empty, empty, empty, empty, empty, False, False, gain,0,0,0,0,0,0,0,0, empty, empty, empty, empty,0, 
uCh2sApg2aoMeJKA8, empty, empty, empty, empty, empty, empty, empty, empty, False, False, loss,0,0,0,0,0,0,0,0, empty, empty, empty, empty,0, 
9X4XtGJ2vhBNdtk2Y, empty, empty, empty, empty, empty, empty, empty, empty, False, False, gain,0,0,0,0,16,15,0,0, empty, empty, empty, empty,5, 
dBkvJWWnppXkwvRnw, empty, empty,3, empty, empty, empty, False, empty, False, False, gain,0,0,0,0,9,9,0,0, empty, empty, high, empty,5, 
MLprm4ekjizDLDG2S, empty, empty, empty, empty, empty, empty, empty, empty, False, False, loss,0,0,0,0,0,0,0,0, empty, empty, empty, empty,0, 
PHb4HEXuYfFei8Hvv, empty, empty, empty, empty, empty, empty, empty, empty, False, False, gain,0,0,0,0,0,0,0,0, empty, empty, empty, empty,0, 
dnjt4zkQjoZRiipyw, empty, empty,2, empty, empty, empty, False, empty, False, False, loss,0,0,0,0,15,1,0,0, empty, empty, high, empty,5, 
Zf2LDGnBiXwStMjHd, empty, empty, empty, empty, empty, empty, empty, empty, False, False, loss,0,0,0,0,0,0,0,0, empty, empty, empty, empty,0, 
n7AjxNkZ5Wkb38Wdt, empty, empty, empty, empty, empty, empty, empty, empty, False, False, gain,0,0,0,0,0,0,0,0, empty, empty, empty, empty,0, 
5ErFypMsXwfBjgNqE, empty, empty, empty, empty, empty, empty, empty, empty, False, False, gain,0,0,0,0,0,0,0,0, empty, empty, empty, empty,0, 
6SEWxX7BWwdBNKtgP, empty, empty,1, empty, empty, empty, True, empty, False, False, gain,0,0,0,0,12,1,0,0, empty, empty, high, empty,5, 
nHiQccgWtzwKfwxsm, empty, empty, empty, empty, empty, empty, empty, empty, False, False, gain,0,0,0,0,0,0,0,0, empty, empty, empty, empty,0, 
CSbZRefTecFom3aXS, empty, empty, empty, empty, empty, empty, empty, empty, False, False, loss,0,0,0,0,0,0,0,0, empty, empty, empty, empty,0, 
2sTmttj6NkHQFsJLd, empty, empty,3, empty, empty, empty, False, empty, False, False, gain,1,0,0,0,12,6,0,0, empty, empty, low, empty,10, 
Mm6MWtLtqb5mDhSje, empty, empty, empty, empty, empty, empty, empty, empty, False, False, loss,0,0,0,0,1,1,0,0, empty, empty, empty, empty,0, 
5rJpwf7T6hoMg7kJL, empty, empty, empty, empty, empty, empty, empty, empty, False, False, loss,0,0,0,0,0,0,0,0, empty, empty, empty, empty,0, 
7H8iZ4ZTYhfefpNXK, empty, empty, empty, empty, empty, empty, empty, empty, False, False, loss,0,0,0,0,0,0,0,0, empty, empty, empty, empty,0, 
MXzThn8PokRb4ock5, empty, empty,0, empty, empty, empty, False, empty, False, False, loss,0,0,0,0,14,1,0,0, empty, empty, high, empty,5, 
z2Q4fWtvYKcREhqrn, empty, empty, empty, empty, empty, empty, empty, empty, False, False, gain,0,0,0,0,0,0,0,0, empty, empty, empty, empty,0, 
JawGa9dPJptKCjrCW, empty, empty, empty, empty, empty, empty, empty, empty, False, False, loss,0,0,0,0,0,0,0,0, empty, empty, empty, empty,0, 
nfaZRaHQpqNji4n5R, empty, empty, empty, empty, empty, empty, empty, empty, False, False, loss,0,0,0,0,0,0,0,0, empty, empty, empty, empty,0, 
3JMeDjgsrTwoAgacu, empty, empty,0, empty, True, empty, False, empty, False, False, gain,0,0,0,0,0,0,0,0, high, empty, high, empty,10, 
MyrQHPY3F4WLXmc5X, empty, empty,1, empty, empty, empty, True, empty, False, False, loss,0,0,0,0,15,0,0,0, empty, empty, high, empty,5, 
TH67zwuruBitqZ7cz, empty, empty, empty, empty, empty, empty, empty, empty, False, False, gain,0,0,0,0,0,0,0,0, empty, empty, empty, empty,0, 
jfgKYS2gnBopEyHhe, empty, empty, empty, empty, empty, empty, empty, empty, False, False, loss,0,0,0,0,0,0,0,0, empty, empty, empty, empty,0, 
z3zTMtRhkLDei8wuP, empty, empty,0, empty, False, empty, False, empty, False, False, loss,0,0,0,0,4,0,0,0, low, empty, high, empty,7, 
7FWxSvKfS9F8L99PS, empty, empty, empty, empty, empty, empty, empty, empty, False, False, loss,0,0,0,0,6,4,0,0, empty, empty, empty, empty,13, 
RaYmHiYD8f6gFQQ7b, empty, empty, empty, empty, empty, empty, empty, empty, False, False, gain,0,0,0,0,16,3,0,0, empty, empty, empty, empty,5, 
ptvCG2FEvcGE6NwA6, empty, empty,0, empty, empty, empty, False, empty, False, False, loss,0,0,0,0,3,0,0,0, empty, empty, high, empty,5, 
iR4KFjxmYR2q75MHg, empty, empty, empty, empty, empty, empty, empty, empty, False, False, gain,0,0,0,0,1,1,0,0, empty, empty, empty, empty,5, 
bB3gpMqhjhMXCDXY3, empty, empty, empty, empty, empty, empty, empty, empty, False, False, loss,0,0,0,0,0,0,0,0, empty, empty, empty, empty,0, 
jJCY8BYLRfKg88Gbx, empty, empty, empty, empty, empty, empty, empty, empty, False, False, gain,0,0,0,0,0,0,0,0, empty, empty, empty, empty,0, 
69fMF9D7dtKhhhubC, empty, empty, empty, empty, empty, empty, empty, empty, False, False, loss,0,0,0,0,0,0,0,0, empty, empty, empty, empty,0, 
mS6hdXuZGcRyKzZ6S, empty, empty, empty, empty, empty, empty, empty, empty, False, False, loss,0,0,0,0,0,0,0,0, empty, empty, empty, empty,0, 
4XvrqMb3rbAWjM9KP, empty, empty, empty, empty, empty, empty, empty, empty, False, False, gain,0,0,0,0,0,0,0,0, empty, empty, empty, empty,0, 
n6jsSf63hvFLvB9RF, empty, empty, empty, empty, empty, empty, empty, empty, False, False, gain,0,0,0,0,0,0,0,0, empty, empty, empty, empty,0, 
5ynMSqMGeB4jPBxak, empty, empty, empty, empty, empty, empty, empty, empty, False, False, loss,0,0,0,0,0,0,0,0, empty, empty, empty, empty,0, 
qNdyGMJ35buHGrH8S, empty, empty, empty, empty, empty, empty, empty, empty, False, False, loss,0,0,0,0,15,16,0,0, empty, empty, empty, empty,5, 
b3JmtzQJQgAcnZnYE, empty, empty,0, empty, empty, empty, True, empty, False, False, gain,0,0,0,0,16,15,0,0, empty, empty, high, empty,5, 
pKrBQQw6SGa3vFAE9, empty, empty, empty, empty, empty, empty, empty, empty, False, False, loss,0,0,0,0,0,0,0,0, empty, empty, empty, empty,0, 
R7dYKeoHCd6LvxxqK, empty, empty,2, empty, empty, empty, True, empty, False, False, gain,0,0,0,0,16,0,0,0, empty, empty, high, empty,5, 
Fg2QJy2GgDSYNtA3m, empty, empty, empty, empty, empty, empty, empty, empty, False, False, gain,0,0,0,0,0,0,0,0, empty, empty, empty, empty,0, 
SFuJ6QgJ5853nqXjL, empty, empty, empty, empty, empty, empty, empty, empty, False, False, gain,0,0,0,0,0,0,0,0, empty, empty, empty, empty,0, 
Pe8gu9w5qFvAouB7u, empty, empty, empty, empty, empty, empty, empty, empty, False, False, gain,0,0,0,0,0,0,0,0, empty, empty, empty, empty,0, 
PDvjktHFMxvmMiCXZ, empty, empty, empty, empty, empty, empty, empty, empty, False, False, loss,0,0,0,0,0,0,0,0, empty, empty, empty, empty,0, 
Rj9tu78F5w6w3X4H6, empty, empty,3, empty, empty, empty, True, empty, False, False, loss,0,0,0,0,0,0,0,0, empty, empty, high, empty,5, 
2NKYTejt5tkeQN7pd, empty, empty, empty, empty, empty, empty, empty, empty, False, False, gain,0,0,0,0,0,0,0,0, empty, empty, empty, empty,0, 
kr7Pu2RZwAfTs2CKX, empty, empty,2, empty, empty, empty, False, empty, False, False, loss,0,0,0,0,15,0,0,0, empty, empty, high, empty,6, 
LfvFpLtGw8MYsmhut, empty, empty, empty, empty, empty, empty, empty, empty, False, False, gain,0,0,0,0,9,0,0,0, empty, empty, empty, empty,5, 
K4uc5gKbTy2wQMW7D, empty, empty, empty, empty, empty, empty, empty, empty, False, False, loss,0,0,0,0,0,0,0,0, empty, empty, empty, empty,0, 
jfQvpyg84WrSgRNqv, empty, empty,2, empty, empty, empty, False, empty, False, False, gain,0,0,0,0,12,12,0,0, empty, empty, low, empty,5, 
43rAun7MweDZDbiR5, empty, empty,0, empty, False, empty, False, empty, False, False, gain,0,0,0,0,4,3,0,0, low, empty, low, empty,10, 
EZGAsPJz5WzsYmfKM, empty, empty, empty, empty, empty, empty, empty, empty, False, False, gain,0,0,0,0,0,0,0,0, empty, empty, empty, empty,0, 
f2uCNBMNvPvpgimta, empty, empty, empty, empty, empty, empty, empty, empty, False, False, loss,0,0,0,0,0,0,0,0, empty, empty, empty, empty,0, 
7xRX2G4qmuJFFpSPC, empty, empty, empty, empty, empty, empty, empty, empty, False, False, loss,0,0,0,0,15,15,0,0, empty, empty, empty, empty,6, 
QFG552t36L3EZH7Jy, empty, empty,1, empty, True, empty, True, empty, False, False, gain,0,0,0,0,16,0,0,0, high, empty, high, empty,8, 
MxvzFzxhex6KtCcJv, empty, empty,0, empty, False, empty, False, empty, False, False, gain,12,6,0,0,13,9,0,0, high, empty, high, empty,10, 
HiTshauswPG9jwBTu, empty, empty, empty, empty, empty, empty, empty, empty, False, False, loss,0,0,0,0,0,0,0,0, empty, empty, empty, empty,0, 
Kphk9vHn5fT5EinHJ, empty, empty, empty, empty, empty, empty, empty, empty, False, False, gain,0,0,0,0,0,0,0,0, empty, empty, empty, empty,0, 
bgy5jAMHTgznc4ux5, empty, empty,1, empty, True, empty, True, empty, False, False, gain,0,0,0,0,17,0,0,0, high, empty, high, empty,5, 
HXGLjhiyytWovBHqP, empty, empty, empty, empty, empty, empty, empty, empty, False, False, loss,0,0,0,0,0,0,0,0, empty, empty, empty, empty,0, 
yQZ2EpSJ96cnxs6xe, empty, empty, empty, empty, empty, empty, empty, empty, False, False, loss,0,0,0,0,3,1,0,0, empty, empty, empty, empty,5, 
9YLdTrCNC6KE3DfhZ, empty, empty, empty, empty, empty, empty, empty, empty, False, False, loss,0,0,0,0,1,0,0,0, empty, empty, empty, empty,20, 
N7TkmW72m7KQjNorJ, empty, empty, empty, empty, empty, empty, empty, empty, False, False, loss,0,0,0,0,0,0,0,0, empty, empty, empty, empty,0, 
FabgofoobENKgqNNf, empty, empty, empty, empty, empty, empty, empty, empty, False, False, loss,0,0,0,0,0,0,0,0, empty, empty, empty, empty,0, 
i7HMczRwQwWbacY4R, empty, empty,0, empty, empty, empty, False, empty, False, False, loss,0,0,0,0,9,0,0,0, empty, empty, high, empty,5, 
rkKJDqbWkYmKu7exF, empty, empty, empty, empty, empty, empty, empty, empty, False, False, gain,0,0,0,0,0,0,0,0, empty, empty, empty, empty,0, 
3Cwq739GsySyX7TQY, empty, empty, empty, empty, empty, empty, empty, empty, False, False, loss,0,0,0,0,0,0,0,0, empty, empty, empty, empty,0, 
oGuqYqwecaoGdrfsx, empty, empty, empty, empty, empty, empty, empty, empty, False, False, gain,0,0,0,0,0,0,0,0, empty, empty, empty, empty,0, 
YxCWLaM3MMvCjMnsE, empty, empty, empty, empty, empty, empty, empty, empty, False, False, gain,0,0,0,0,0,0,0,0, empty, empty, empty, empty,0, 
BefdwBcYMvaHfGgwn, empty, empty,0, empty, True, empty, False, empty, False, False, gain,0,0,0,0,0,0,0,0, high, empty, high, empty,10, 
v2NbGpqT2snvwbPg8, empty, empty, empty, empty, empty, empty, empty, empty, False, False, loss,0,0,0,0,0,0,0,0, empty, empty, empty, empty,0, 
,,,,,,,,,,,,,,,,,,,,,,,,, 
,,,,,,,,,,,,,,,,,,,,,,,,, 
